#{"t_start": 1774119697.673854, "env_id": null}
r,l,t,is_success,final_distance
-113.75983,200,1.226923,0.0,0.19764766578371742
-130.268718,200,1.344449,0.0,0.5745892200345754
-238.856474,200,1.465789,0.0,1.665559854448395
-162.522614,200,1.58445,0.0,0.8070147913059607
-130.790069,200,1.703978,0.0,0.14251398930279222
-71.105526,200,1.8185,0.0,0.3605416156172783
-137.298885,200,1.93106,0.0,1.1360786417424236
-83.88191,200,2.044577,0.0,0.4841405460511172
-155.754082,200,2.162113,0.0,0.7015913036957688
-130.521368,200,2.274196,0.0,0.7720492805233028
-119.761288,200,2.706831,0.0,0.6474751329190562
-96.904528,200,2.837287,0.0,0.38816467501350627
-66.770893,200,2.952823,0.0,0.32073809765119665
-145.927625,200,3.067387,0.0,0.6672313759733625
-109.004083,200,3.183175,0.0,0.6242862216004823
-0.029045,1,3.184178,1.0,0.028904059568940686
-92.922304,200,3.299634,0.0,0.5414645201222418
-83.692526,200,3.416158,0.0,0.07713335711171508
-216.05283,200,3.530679,0.0,0.6036936704976671
-122.884314,200,3.647231,0.0,0.6483483939112961
-154.82749,200,3.777265,0.0,0.5926005882616643
-86.669866,200,4.292957,0.0,0.6530236826289361
-122.499586,200,4.435017,0.0,0.9224985087053652
-170.654227,200,4.552583,0.0,1.5854568474450303
-117.962869,200,4.66978,0.0,0.4717648180827031
-92.245294,200,4.788781,0.0,0.08621779455481901
-113.834539,200,4.900303,0.0,0.46030094466302235
-113.108747,200,5.014843,0.0,0.4075145867003372
-129.566084,200,5.131341,0.0,0.6104272312470919
-111.356865,200,5.243884,0.0,0.6591409597577108
-180.754878,200,5.362432,0.0,0.4456876692868579
-144.530755,200,5.804695,0.0,0.801589475508647
-19.324383,81,5.865699,1.0,0.04287845831894378
-90.275859,200,6.002737,0.0,0.6762901512146383
-141.035695,200,6.11831,0.0,0.7138441983595049
-56.260294,153,6.204819,1.0,0.027196807447483606
-105.319172,200,6.32035,0.0,0.8580996792214685
-124.985525,200,6.445873,0.0,0.5944044360801964
-128.414052,200,6.571945,0.0,0.4649149271874636
-59.785455,200,6.698531,0.0,0.7211358446040553
-172.938189,200,6.815053,0.0,0.7036564215763593
-174.469714,200,6.936775,0.0,1.0083533543963676
-135.97737,200,7.375596,0.0,0.5837304246455131
-0.116949,2,7.378593,1.0,0.03204378827731645
-38.87647,118,7.457597,1.0,0.04735912225541112
-142.183468,200,7.579661,0.0,0.22062793551900672
-89.341016,200,7.700222,0.0,0.6405961760253499
-91.517611,200,7.818766,0.0,0.4352418822342884
-146.477447,200,7.933289,0.0,0.9218789289087401
-110.592174,200,8.050252,0.0,0.5381835797699127
-20.730452,43,8.073793,1.0,0.04434267748187431
-156.755248,200,8.188296,0.0,1.2808617021397497
-112.29106,200,8.303221,0.0,0.10857231879141871
-148.650959,200,8.41674,0.0,0.6957762330437983
-97.707452,200,8.529286,0.0,0.3867518845020796
-100.194773,200,9.019544,0.0,0.8892886955451806
-35.12112,56,9.065558,1.0,0.042804708570345316
-111.846145,200,9.201617,0.0,0.2565494325037046
-70.4119,200,9.331161,0.0,0.21458086708213472
-77.884272,200,9.45574,0.0,0.2430846159403501
-0.028482,1,9.456738,1.0,0.028340308256658422
-151.404049,200,9.578764,0.0,0.7973655855614569
-103.314235,200,9.696158,0.0,0.19695111166660675
-120.159151,200,9.814304,0.0,0.2417862546871071
-66.784862,101,9.87231,1.0,0.0392502900147646
-88.050403,200,9.982322,0.0,0.2347597562547112
-105.563792,200,10.097844,0.0,0.30394833327669407
-60.14517,124,10.167847,1.0,0.047677131549193806
-95.669162,200,10.617458,0.0,0.23125622813662228
-110.954855,200,10.751981,0.0,0.2562625024266913
-0.046418,1,10.752982,1.0,0.046276617622729756
-95.808704,200,10.871532,0.0,0.06681949880428252
-18.683302,22,10.884995,1.0,0.04841715366151711
-128.181759,200,11.001527,0.0,0.641181134805386
-102.510018,200,11.114047,0.0,0.21612143096040812
-80.816167,200,11.229568,0.0,0.2681926445266389
-148.940451,200,11.344145,0.0,0.7069611347052647
-78.819147,114,11.409671,1.0,0.03949828593897045
-104.878134,200,11.526132,0.0,0.28949752795928635
-76.243914,200,11.643689,0.0,0.20801032031758163
-115.592841,200,12.109376,0.0,0.4958121241210675
-1.437373,6,12.115374,1.0,0.040557627517747226
-81.640326,200,12.264931,0.0,0.605450225884257
-130.221994,200,12.385334,0.0,0.8735398472249954
-140.785226,200,12.507436,0.0,0.8449311251706947
-148.768025,200,12.625587,0.0,0.6938973383172249
-141.33441,200,12.742154,0.0,0.38669991165880213
-180.186888,200,12.856639,0.0,0.4211033801257471
-95.955171,200,12.974664,0.0,0.6552936076037692
-97.902346,200,13.08532,0.0,0.46162115755506977
-132.352524,200,13.199783,0.0,0.6997023208334461
-115.894818,200,13.60387,0.0,0.7064610522762009
-124.225619,200,13.731831,0.0,0.7433462801766769
-17.37712,26,13.748865,1.0,0.04273221417807799
-119.817051,200,13.877834,0.0,0.605393177263001
-103.607758,200,13.998335,0.0,0.6711223926305485
-138.315934,200,14.1148,0.0,0.7506179534407773
-116.420899,200,14.226326,0.0,0.7456697726868565
-82.429117,200,14.342872,0.0,0.3329313906711815
-15.945667,21,14.35685,1.0,0.03563849500924789
-112.93408,200,14.469391,0.0,0.5663311068212389
-92.909457,155,14.556915,1.0,0.04379379249704844
-131.271567,200,14.677008,0.0,0.5897520829550993
-88.803662,200,14.804556,0.0,0.8159438938987632
-123.788821,200,15.30421,0.0,0.7841924337150731
-94.609203,200,15.427398,0.0,0.47637599067707104
-110.314424,200,15.541944,0.0,0.620864900182989
-105.590932,200,15.659481,0.0,0.31979388995215985
-148.675442,200,15.773015,0.0,0.7041497998029719
-46.781975,96,15.829518,1.0,0.04725524236124522
-85.686725,200,15.941095,0.0,0.26022847370299523
-122.701598,200,16.055607,0.0,0.6317522088600985
-87.172486,200,16.172169,0.0,0.46293447032481433
-90.977254,200,16.289209,0.0,0.5516349925494001
-56.38198,92,16.344208,1.0,0.04955157396984467
-88.557324,200,16.772832,0.0,0.40378825120202616
-89.971242,200,16.906864,0.0,0.2580912108921319
-113.465959,200,17.024388,0.0,0.4390496584177109
-107.012868,200,17.140913,0.0,0.44903503046005017
-86.44297,200,17.253432,0.0,0.3980419267095421
-20.695965,54,17.284906,1.0,0.04070391507902066
-94.927719,200,17.402621,0.0,0.4174560492523277
-27.112863,39,17.427614,1.0,0.046135454007511935
-90.547458,200,17.55717,0.0,0.4625928740034059
-118.713737,200,17.683232,0.0,0.4852891893061498
-91.604035,200,17.802749,0.0,0.39292077977696427
-103.008546,200,17.924014,0.0,0.3093054608866755
-109.169772,200,18.400451,0.0,0.5431287545205997
-100.228784,200,18.53297,0.0,0.5831047824713638
-104.017165,200,18.650453,0.0,0.5474492689608145
-132.509154,200,18.770983,0.0,0.6929782142276202
-100.492414,200,18.88557,0.0,0.4627671875199845
-112.51616,200,18.99809,0.0,0.48836861323584246
-51.307973,70,19.040089,1.0,0.043150853992822126
-128.854403,200,19.155622,0.0,0.4356910485125025
-0.287892,3,19.158613,1.0,0.04952520777788594
-40.476024,69,19.198649,1.0,0.0380782483784285
-110.371499,200,19.313175,0.0,0.641965964263022
-159.743171,200,19.425731,0.0,0.788670181027064
-156.18145,200,19.837775,0.0,0.8785322606386268
-32.435388,80,19.893321,1.0,0.04178468272338514
-101.446089,200,20.036872,0.0,0.6821052317929135
-115.455588,200,20.160392,0.0,0.5466994108639865
-93.686669,200,20.286375,0.0,0.4493587026020699
-82.239631,200,20.414933,0.0,0.2972019116973406
-110.436504,200,20.534089,0.0,0.5846985056295128
-147.798259,200,20.652521,0.0,0.7542197364482416
-104.971094,200,20.768594,0.0,0.643254545487102
-127.910703,200,20.883642,0.0,0.44128400356740705
-134.469041,200,20.997205,0.0,0.7905893132205221
-92.548415,200,21.395277,0.0,0.4313537702164977
-96.516442,141,21.487787,1.0,0.029826624770249676
-92.51121,200,21.614326,0.0,0.4447864566525537
-36.293596,66,21.654329,1.0,0.04580640863880217
-106.707751,200,21.770852,0.0,0.5634204568206518
-97.42271,200,21.889538,0.0,0.4843120257328937
-87.537092,200,22.012147,0.0,0.2382868952009572
-141.213013,200,22.124705,0.0,0.80072578159618
-142.445219,200,22.23922,0.0,0.676951287493314
-114.058444,200,22.351346,0.0,0.644603956175391
-170.961266,200,22.465817,0.0,0.9107281394677954
-22.994124,70,22.505364,1.0,0.04230537437774042
-106.776861,200,22.932758,0.0,0.7396321063949699
-161.323942,200,23.071849,0.0,0.9151311902346878
-109.059074,200,23.202885,0.0,0.3006979854762987
-88.274786,200,23.323856,0.0,0.3899697038685979
-113.504028,200,23.443002,0.0,0.6087956615165566
-141.214197,200,23.557662,0.0,0.8715159148170227
-126.981985,200,23.672186,0.0,0.503034247348053
-106.877257,200,23.784218,0.0,0.4448097682076025
-91.528515,200,23.897752,0.0,0.3765428860399412
-131.248408,200,24.012269,0.0,0.7566670956270108
-93.926674,200,24.429375,0.0,0.4590730963153089
-112.108107,200,24.561889,0.0,0.631422233974568
-134.354389,200,24.681676,0.0,0.7264754841951765
-77.37016,200,24.797102,0.0,0.34772867811027064
-84.732889,200,24.913622,0.0,0.1745100314255876
-93.34888,200,25.036124,0.0,0.40367778740864635
-14.405807,22,25.051124,1.0,0.04764640543206386
-45.095975,116,25.125647,1.0,0.02888283455806971
-28.199506,61,25.161648,1.0,0.04734647228057348
-13.397016,33,25.181172,1.0,0.048966811661257825
-2.043556,8,25.187172,1.0,0.020587271844809626
-53.700123,86,25.237173,1.0,0.04693340134676678
-130.710198,200,25.350734,0.0,0.8122462053387104
-98.729923,200,25.467942,0.0,0.4557963046873153
-138.129385,200,25.586675,0.0,0.750948419914645
-97.260854,200,26.05354,0.0,0.5717186312769552
-121.854345,200,26.18912,0.0,0.6585412350154213
-140.756059,200,26.306837,0.0,0.6925878069043597
-85.95234,200,26.421398,0.0,0.4506346183262105
-84.759192,200,26.536913,0.0,0.20340918466068922
-140.798531,200,26.652465,0.0,0.7743767913194195
-102.267677,200,26.767027,0.0,0.5221462386351614
-97.931154,200,26.878069,0.0,0.34513853190010174
-167.610923,200,26.990583,0.0,0.884250694323925
-70.958674,200,27.107079,0.0,0.24900953958509692
-33.395282,63,27.144076,1.0,0.046887227071303356
-63.82966,200,27.565936,0.0,0.2130329578352119
-142.895294,200,27.703309,0.0,0.4342042619941866
-134.444949,200,27.818832,0.0,0.7034004707180896
-131.253825,200,27.933393,0.0,0.7956984796173797
-133.129993,200,28.048625,0.0,0.6624915521595278
-29.992668,58,28.081192,1.0,0.04777310828588151
-100.118823,200,28.197677,0.0,0.4513446996790921
-76.376728,200,28.314048,0.0,0.33527281251650476
-111.12342,200,28.431586,0.0,0.58844324716751
-23.970147,38,28.454583,1.0,0.04415665988205702
-108.809716,200,28.580625,0.0,0.47772000056100966
-103.197677,200,29.023738,0.0,0.5766038161359178
-86.205187,200,29.174248,0.0,0.17059805892672045
-110.200766,200,29.296317,0.0,0.5056227163562902
-102.307448,200,29.410851,0.0,0.5534264261028959
-63.103746,98,29.469854,1.0,0.025182557913926103
-97.544715,200,29.582921,0.0,0.3969393621304561
-96.117821,200,29.697398,0.0,0.3837972944843642
-130.269393,200,29.814925,0.0,0.9175950676303591
-83.065833,200,29.92637,0.0,0.38463545319656567
-119.739955,200,30.039893,0.0,0.689006287200214
-77.67505,200,30.155184,0.0,0.2570881253578017
-111.959148,200,30.571244,0.0,0.6340323176774778
-54.403207,200,30.703722,0.0,0.15989783216026965
-111.357557,200,30.823241,0.0,0.6599254053232858
-76.67599,200,30.939787,0.0,0.3707577999788345
-126.231247,200,31.058315,0.0,0.6764485287170743
-102.254225,200,31.17942,0.0,0.5409520260417352
-89.076533,200,31.306425,0.0,0.5230716409635598
-119.442126,200,31.431964,0.0,0.5012432103083139
-88.16665,200,31.547703,0.0,0.37681012878748377
-110.92073,200,31.667711,0.0,0.5740161399507847
-101.267719,200,32.083063,0.0,0.527143561442963
-76.973177,200,32.233921,0.0,0.3623952411420644
-90.628234,200,32.360484,0.0,0.4798706901383192
-111.531616,200,32.478026,0.0,0.5427269349246044
-127.686258,200,32.591086,0.0,0.7635111397318995
-96.365965,200,32.70561,0.0,0.48123423467706183
-99.326711,200,32.820065,0.0,0.5620927269376755
-120.714903,200,32.935582,0.0,0.8024287540875007
-58.16356,158,33.029139,1.0,0.03645031469683506
-62.502846,108,33.093678,1.0,0.03845035875481539
-116.729183,200,33.214206,0.0,0.5747146801513
-99.602999,200,33.633307,0.0,0.4677672552498716
-172.861453,200,33.767685,0.0,0.8899514778545706
-113.220086,200,33.899721,0.0,0.4904286797174108
-122.947521,200,34.026783,0.0,0.7462833849886764
-131.305302,200,34.154325,0.0,0.8018154179368765
-98.782927,200,34.275254,0.0,0.5856207906670894
-88.637977,200,34.395231,0.0,0.3852222793974452
-32.838965,54,34.428771,1.0,0.04791331557715777
-0.68809,4,34.431762,1.0,0.04335630493979354
-123.01708,200,34.545843,0.0,0.6757296168530468
-104.630882,200,34.659336,0.0,0.5778951549594631
-28.482305,43,34.684833,1.0,0.03524225613213632
-12.039892,56,34.717829,1.0,0.03080328257084851
-111.485745,200,34.831366,0.0,0.6610343136317813
-136.366267,200,35.249428,0.0,0.8077686699566714
-108.631021,200,35.374983,0.0,0.6079260116575016
-91.319995,200,35.491997,0.0,0.5415803376225085
-0.028523,1,35.493,1.0,0.028381413660551743
-90.445482,200,35.609387,0.0,0.5094607171208104
-96.363587,200,35.724902,0.0,0.5235240794665919
-118.690121,200,35.843444,0.0,0.6652866448339921
-91.140274,200,35.955965,0.0,0.4995953020043351
-95.240428,200,36.069242,0.0,0.6776182163727393
-3.932736,13,36.07721,1.0,0.03463849427927016
-90.188495,200,36.190271,0.0,0.39249175620580623
-130.304392,200,36.307738,0.0,0.7008055098239481
-108.882753,200,36.770494,0.0,0.5199128454559152
-125.888537,200,36.913511,0.0,0.627477051135305
-83.962342,200,37.035984,0.0,0.33770738541349726
-90.774402,200,37.157089,0.0,0.383715173459867
-106.87499,200,37.276101,0.0,0.5267242260518773
-1.784806,7,37.281605,1.0,0.03546984912615936
-92.299348,200,37.397769,0.0,0.4334640895904823
-13.132737,37,37.419769,1.0,0.04011879385061585
-88.970906,200,37.535257,0.0,0.4156313822598022
-24.067652,79,37.580264,1.0,0.044827370927855055
-125.950897,200,37.691299,0.0,0.8090633458526931
-126.548648,200,37.805844,0.0,0.6683516329161684
-119.752714,200,37.921376,0.0,0.6639435736971164
-0.537931,3,37.923376,1.0,0.04544626773009875
-113.445465,200,38.326398,0.0,0.8187154769062761
-96.342202,200,38.455916,0.0,0.5499563185585017
-101.993414,200,38.568397,0.0,0.562855139905048
-0.03701,1,38.5704,1.0,0.03686886121233822
-89.026636,200,38.684409,0.0,0.4097916173001664
-91.597181,200,38.802945,0.0,0.4650467458639594
-101.646264,200,38.918414,0.0,0.4262601462827078
-129.120065,200,39.032935,0.0,0.8077237659668635
-68.49365,200,39.148439,0.0,0.23813799360663637
-89.72253,200,39.260954,0.0,0.5035807870204723
-92.12535,200,39.389695,0.0,0.6745086921898567
-117.51588,200,39.864633,0.0,0.8410680517220542
-118.496333,200,39.999031,0.0,0.3420484628996479
-172.406255,200,40.118644,0.0,0.9548639543595633
-127.778943,200,40.236227,0.0,0.7614162977715693
-113.701743,200,40.348766,0.0,0.5817229087228903
-140.373453,200,40.463257,0.0,0.8105844137376979
-81.211527,200,40.578787,0.0,0.33548989166567594
-122.066396,200,40.693594,0.0,0.6719653353570679
-149.253943,200,40.805088,0.0,0.8895702541228324
-134.505373,200,40.919593,0.0,0.8022245474319091
-143.004561,200,41.32584,0.0,0.9442531421368875
-111.574587,200,41.451357,0.0,0.5952678637186706
-109.329553,200,41.569881,0.0,0.5490299399065006
-84.401932,200,41.686887,0.0,0.4457335246319638
-119.908646,200,41.804408,0.0,0.6735912469327536
-127.300595,200,41.916466,0.0,0.7463979225111607
-119.70107,200,42.03101,0.0,0.7465959746185562
-103.340223,200,42.146053,0.0,0.6133732802234279
-63.827291,200,42.265594,0.0,0.2819003437987367
-135.827692,200,42.391666,0.0,0.7449811433191059
-101.528994,200,42.868029,0.0,0.4461819052091507
-74.85606,109,42.942541,1.0,0.041252067100544534
-118.590701,200,43.069057,0.0,0.6858531209238309
-2.783321,11,43.076066,1.0,0.0315474051900084
-118.095858,200,43.194514,0.0,0.7646439328349927
-71.59097,200,43.312036,0.0,0.34446677471243764
-5.588052,16,43.32301,1.0,0.028572335531233135
-42.331399,62,43.35901,1.0,0.04553066560495703
-9.589483,41,43.383019,1.0,0.04218043750906369
-14.973209,42,43.407533,1.0,0.03319930159491695
-88.191645,200,43.519048,0.0,0.34045467776263305
-12.032635,40,43.543048,1.0,0.018219199551160123
-77.419901,200,43.656517,0.0,0.4265284176354478
-90.90273,200,43.770782,0.0,0.4904111666488864
-16.163562,42,43.796296,1.0,0.04950420237666785
-117.199332,200,43.913361,0.0,0.7485353585543025
-122.226724,200,44.024854,0.0,0.7343230717313292
-123.228394,200,44.45296,0.0,0.8376021495188122
-130.685907,200,44.579489,0.0,0.6747966019707392
-70.889561,103,44.640013,1.0,0.03928241097006625
-100.192512,200,44.756534,0.0,0.7150808583532704
-54.906639,200,44.874147,0.0,0.1606206427799285
-148.454722,200,44.997144,0.0,0.8218656451324138
-91.68763,200,45.124014,0.0,0.5274843732496116
-0.367921,3,45.127,1.0,0.04783896031793663
-95.893541,200,45.250035,0.0,0.5278574708485274
-12.239734,21,45.263051,1.0,0.04640756114017145
-69.892021,200,45.385638,0.0,0.18452947646272674
-15.955737,41,45.41065,1.0,0.03446961990651469
-15.694785,44,45.437823,1.0,0.04019817734925668
-105.752001,200,45.555623,0.0,0.5589588078887826
-13.296483,24,45.570634,1.0,0.045916150135297616
-132.885956,200,45.996294,0.0,0.8746103858992982
-90.572225,200,46.116363,0.0,0.30839143974621536
-25.818197,30,46.134363,1.0,0.04999582406370297
-68.168465,200,46.247857,0.0,0.2939907743584106
-80.122752,200,46.367411,0.0,0.3370381629900431
-128.865362,200,46.483981,0.0,0.8709256521934072
-100.543516,200,46.598561,0.0,0.5142545503613423
-100.798029,200,46.711138,0.0,0.48903657763954794
-19.336585,28,46.728141,1.0,0.04056134954371057
-146.905982,200,46.844655,0.0,0.8909551178142607
-16.919099,37,46.865657,1.0,0.036108926281709156
-147.328384,200,46.981153,0.0,0.8158499493683609
-135.308334,200,47.408759,0.0,0.7723656672467383
-79.88189,200,47.558295,0.0,0.3723874018979926
-73.560391,200,47.695316,0.0,0.34792753650883057
-131.327243,200,47.827491,0.0,0.6884175216268812
-132.036595,200,47.958051,0.0,0.8354175654441593
-90.470478,200,48.074574,0.0,0.39462162589580885
-2.530396,8,48.080592,1.0,0.041916295819683175
-80.559195,200,48.202302,0.0,0.2595905512966573
-9.770582,32,48.221334,1.0,0.04419870572228338
-102.09468,200,48.338966,0.0,0.5980390449653625
-135.516809,200,48.453514,0.0,0.7162664745890547
-117.382881,200,48.567964,0.0,0.6803737659920501
-105.776122,200,48.682528,0.0,0.5783663405936665
-185.143375,200,49.086624,0.0,0.9781141521678401
-100.558801,200,49.221199,0.0,0.5748604039521339
-69.995055,200,49.338741,0.0,0.3105472083894133
-150.965219,200,49.453287,0.0,0.9319639009692523
-109.470887,200,49.570813,0.0,0.6020652332494423
-76.424871,200,49.684284,0.0,0.34476523482869226
-85.656128,200,49.796247,0.0,0.36946365603438536
-64.927365,200,49.910802,0.0,0.15994381346074463
-38.658108,60,49.946806,1.0,0.03197478664456822
-106.352888,200,50.059338,0.0,0.5078093138681071
-23.420175,46,50.084342,1.0,0.036891738719945714
-32.282802,57,50.116859,1.0,0.046892043334117395
-118.501234,200,50.579151,0.0,0.6773244775004268
-107.524915,200,50.735182,0.0,0.638976268309453
-22.166585,33,50.758215,1.0,0.03877406300948954
-85.877161,200,50.876711,0.0,0.3856704427665717
-9.277388,23,50.891231,1.0,0.035379604676464456
-107.264688,200,51.011357,0.0,0.5576369431524326
-90.268787,200,51.126538,0.0,0.44559319777992334
-124.090045,200,51.245063,0.0,0.6933848121296802
-3.991798,14,51.255094,1.0,0.045076750430417575
-7.900233,27,51.271069,1.0,0.04470394038627262
-6.462939,30,51.289546,1.0,0.02367540919581872
-92.065725,200,51.402097,0.0,0.5204549300864896
-95.509923,200,51.51759,0.0,0.42848926886612637
-163.99041,200,51.631136,0.0,0.8440100395359987
-123.738342,200,51.743662,0.0,0.7654363375762352
-95.97944,200,52.173727,0.0,0.5350643351994613
-94.572045,200,52.294749,0.0,0.4829547141176236
-117.222626,200,52.418258,0.0,0.6177347359960208
-0.565584,4,52.421254,1.0,0.03573333533060057
-103.950638,200,52.537777,0.0,0.5907352848026342
-143.50467,200,52.652348,0.0,0.849313559255401
-128.290242,200,52.76893,0.0,0.818571247340841
-101.042543,200,52.879519,0.0,0.4471809560782864
-7.885956,20,52.89206,1.0,0.043379447773646294
-76.043565,200,53.00557,0.0,0.30819106553664366
-109.009713,200,53.119249,0.0,0.6049519375535619
-18.694343,42,53.146233,1.0,0.04571694652968113
-91.838806,200,53.607837,0.0,0.5164328835779134
-83.554955,200,53.766201,0.0,0.4208707856138708
-1.530405,6,53.771202,1.0,0.003718977095298703
-28.838412,53,53.805283,1.0,0.039481885130442596
-0.038263,1,53.806281,1.0,0.038121771002637354
-0.136679,2,53.808287,1.0,0.034502773838301484
-111.939281,200,53.926454,0.0,0.5963973159805218
-131.965232,200,54.044016,0.0,0.7801207238824139
-27.013239,49,54.074019,1.0,0.04995240504844577
-67.2726,99,54.131537,1.0,0.049269362124767416
-115.971617,200,54.245016,0.0,0.7092696579764016
-68.568698,200,54.36254,0.0,0.2774980708393546
-0.639513,4,54.365571,1.0,0.019007373057986523
-54.08659,200,54.481019,0.0,0.13670473094098037
-127.398781,200,54.595027,0.0,0.6929651653284036
-11.963526,37,54.616738,1.0,0.03577702701544914
-84.48889,200,54.733582,0.0,0.30281752831388914
-142.147501,200,55.156664,0.0,0.7737810848872531
-139.028496,200,55.297703,0.0,0.7789470901803238
-102.002677,200,55.441219,0.0,0.6005258061134493
-2.504617,10,55.448218,1.0,0.03944084298710978
-123.116689,200,55.567737,0.0,0.7045656173374527
-3.909629,14,55.576779,1.0,0.03534764090548347
-142.913157,200,55.693733,0.0,0.7935318486936699
-128.890394,200,55.809267,0.0,0.6820446906447879
-50.977622,200,55.927788,0.0,0.18949697242049354
-36.519411,64,55.969788,1.0,0.049580398684435506
-137.940399,200,56.106233,0.0,0.8193930600670969
-117.001226,200,56.231757,0.0,0.6802478151748054
-98.704065,200,56.347268,0.0,0.5773199659955096
-109.662441,200,56.767717,0.0,0.63618180524347
-38.826415,68,56.819226,1.0,0.03848766416016307
-104.466139,200,56.946755,0.0,0.6394054434986876
-102.290069,200,57.071286,0.0,0.44927827786770974
-153.823703,200,57.187827,0.0,0.868204151741827
-136.152267,200,57.299985,0.0,0.7316437474710389
-56.422317,200,57.415383,0.0,0.25407248667201204
-167.226151,200,57.532853,0.0,0.9091945396154307
-36.611029,80,57.579874,1.0,0.03791933925416378
-90.087061,200,57.692765,0.0,0.4731740248445448
-30.774189,75,57.732765,1.0,0.04618188283684511
-158.723103,200,57.846316,0.0,0.8872331909046246
-2.70409,10,57.854325,1.0,0.022924393608391044
-146.490786,200,58.260281,0.0,0.8419735207767365
-31.081875,55,58.299801,1.0,0.03735557044788307
-129.367982,200,58.428307,0.0,0.7453985048597412
-124.976149,200,58.550853,0.0,0.7354432889954815
-137.712106,200,58.670347,0.0,0.7942512180993162
-92.585798,200,58.793315,0.0,0.4578945631582209
-177.470659,200,58.919869,0.0,0.9723805706239127
-108.841193,200,59.043061,0.0,0.6144657373387731
-21.440145,56,59.077064,1.0,0.034934456967015304
-55.975753,200,59.196546,0.0,0.17926975879903703
-166.744314,200,59.313621,0.0,0.9310408891626897
-8.455694,22,59.327625,1.0,0.0118913882868119
-25.226469,42,59.352622,1.0,0.03907069615548633
-102.76313,200,59.46816,0.0,0.5819631960986991
-165.335449,200,59.87597,0.0,0.942742106095328
-52.385087,100,59.940484,1.0,0.04587071498379691
-0.42764,3,59.943481,1.0,0.04833979092495607
-96.972991,200,60.067672,0.0,0.5380931086831753
-2.97092,9,60.080935,1.0,0.04770008246545977
-87.126599,200,60.201008,0.0,0.4056588849297951
-136.248641,200,60.315532,0.0,0.7571141431748399
-76.582458,200,60.430056,0.0,0.2487708146830784
-99.730139,200,60.548601,0.0,0.5840678267241631
-106.407959,200,60.667203,0.0,0.6631810464172477
-101.783122,200,60.78478,0.0,0.5702048998950678
-93.594375,200,60.901474,0.0,0.4787376181898501
-135.781658,200,61.291549,0.0,0.8045205684346753
-121.013668,200,61.437691,0.0,0.6808674068236221
-70.49932,200,61.584254,0.0,0.3653493830144689
-132.265332,200,61.71726,0.0,0.7531498717713738
-105.696144,200,61.833484,0.0,0.49490479438955676
-132.627649,200,61.958608,0.0,0.8201114483951036
-7.575785,19,61.968611,1.0,0.032600602816227536
-113.809015,200,62.085363,0.0,0.6475227430127894
-31.561986,52,62.115835,1.0,0.03602121400886192
-81.967907,200,62.233379,0.0,0.42586836871974915
-75.359134,200,62.343878,0.0,0.3560966462733651
-105.342551,200,62.457403,0.0,0.5016740806161858
-88.270839,200,62.861563,0.0,0.4983106759729994
-14.966529,53,62.894073,1.0,0.04949663525558319
-145.800968,200,63.037582,0.0,0.8623032633030174
-0.148415,2,63.039581,1.0,0.04837540274718901
-12.326907,33,63.060582,1.0,0.036309358708984926
-54.760967,71,63.104065,1.0,0.04821959692468074
-121.828726,200,63.222711,0.0,0.7226716356267615
-11.253807,22,63.235739,1.0,0.003077804007547619
-134.20951,200,63.351277,0.0,0.7795467876542823
-17.115481,39,63.375306,1.0,0.047513163589822265
-15.772276,34,63.394843,1.0,0.0436638879629838
-104.153134,200,63.509368,0.0,0.5386883454293957
-85.789035,200,63.623889,0.0,0.424632206275969
-149.934469,200,63.740419,0.0,0.8851356458603127
-84.257727,200,63.854939,0.0,0.4065238776981036
-156.491969,200,63.970054,0.0,0.8645272491276188
-15.832971,32,63.99007,1.0,0.030144790879135446
-140.804735,200,64.443247,0.0,0.78582587466482
-6.125672,19,64.460251,1.0,0.042468952075859004
-70.222946,200,64.611286,0.0,0.3119254767727039
-115.315119,200,64.730724,0.0,0.6493393713809585
-85.906422,200,64.848259,0.0,0.42598110097478886
-3.470083,13,64.856256,1.0,0.03853062782850113
-22.823325,44,64.883389,1.0,0.037269137995813544
-38.031748,59,64.917913,1.0,0.04746837865909064
-68.787566,200,65.034437,0.0,0.3077038848969177
-86.462673,200,65.151988,0.0,0.49152001381506466
-20.506086,31,65.169967,1.0,0.04664482744534529
-59.239166,200,65.285579,0.0,0.234887413857596
-131.81506,200,65.401636,0.0,0.71583475741157
-21.532021,29,65.419633,1.0,0.028670713917305895
-99.861702,200,65.531851,0.0,0.5575314078650976
-116.062034,200,65.952472,0.0,0.6696921593386387
-16.451317,30,65.971473,1.0,0.04487094183852972
-93.82736,200,66.104501,0.0,0.4810589172359379
-21.828019,43,66.133501,1.0,0.029207476207952474
-119.19467,200,66.251982,0.0,0.8473345969276314
-140.959878,200,66.372502,0.0,0.6865763566656056
-161.648043,200,66.487987,0.0,0.9710266191642404
-123.348109,200,66.602746,0.0,0.6962570307958702
-170.491133,200,66.717204,0.0,0.8720481431305648
-70.467741,200,66.830738,0.0,0.352575942911246
-132.412721,200,66.945567,0.0,0.7379112447707209
-153.501888,200,67.070068,0.0,0.8958779206162114
-17.425697,38,67.094604,1.0,0.03483111129929834
-142.943367,200,67.566643,0.0,0.7947798418024337
-90.043217,200,67.697294,0.0,0.5230215233767248
-87.743202,200,67.816849,0.0,0.4793888416163411
-1.330196,6,67.821843,1.0,0.024387965487245863
-51.809561,200,67.93537,0.0,0.1760328795594734
-0.712665,4,67.938343,1.0,0.03652804929377541
-141.349293,200,68.053863,0.0,0.8002887725532749
-45.375081,200,68.171714,0.0,0.17973485868146397
-136.499594,200,68.285018,0.0,0.8068661645817974
-105.233232,200,68.399068,0.0,0.5416131944101678
-116.896984,200,68.511611,0.0,0.6740806054245279
-121.185079,200,68.62619,0.0,0.7196692599525977
-102.934522,200,69.033239,0.0,0.5507149786556623
-4.953496,17,69.048237,1.0,0.04782120273486177
-56.612376,200,69.189781,0.0,0.19376370304162638
-138.961508,200,69.309367,0.0,0.8257955808732775
-22.780642,26,69.325367,1.0,0.03690488740494028
-88.341578,200,69.44089,0.0,0.4814950228676282
-50.657748,84,69.489903,1.0,0.047625544306782355
-82.987357,200,69.606121,0.0,0.37850075127826177
-86.532879,200,69.739193,0.0,0.4382567842086813
-122.338959,200,69.872714,0.0,0.7050377915164397
-103.447321,200,69.999764,0.0,0.5590372756326463
-174.442177,200,70.116271,0.0,0.9496373681334197
-164.231525,200,70.23954,0.0,0.8870202296111502
-16.698322,23,70.252538,1.0,0.04171990226039497
-158.565081,200,70.731248,0.0,0.8786705237074545
-150.128364,200,70.862769,0.0,0.8357461629104027
-156.772844,200,70.98123,0.0,0.891008949160391
-61.644139,200,71.095234,0.0,0.2929891145131138
-81.280357,200,71.211746,0.0,0.4211125955669139
-116.832049,200,71.325264,0.0,0.6531149090689589
-89.003649,200,71.439811,0.0,0.5068565198112257
-161.964793,200,71.554333,0.0,0.8840403611493913
-2.825488,8,71.559333,1.0,0.029361237341263054
-80.89685,200,71.671856,0.0,0.392828075261044
-107.779023,200,71.785401,0.0,0.6257876107156579
-19.550725,56,71.81902,1.0,0.03663197058816169
-114.079813,200,72.25261,0.0,0.5268479343849046
-103.832372,200,72.376983,0.0,0.5358577166994212
-117.684139,200,72.503064,0.0,0.6489088399408078
-65.224831,200,72.63161,0.0,0.2752043608142059
-133.704711,200,72.763058,0.0,0.7643990586238026
-98.162473,200,72.883322,0.0,0.5631072809725025
-86.81433,200,72.996967,0.0,0.4646119654481957
-145.05625,200,73.115104,0.0,0.8019030708684288
-128.030428,200,73.229628,0.0,0.7063117472008037
-101.450579,200,73.34415,0.0,0.5161262052239618
-140.053582,200,73.774814,0.0,0.842302086288352
-134.899839,200,73.902848,0.0,0.7120949872924418
-0.345794,3,73.905853,1.0,0.04462906846505055
-90.661809,200,74.022461,0.0,0.46306883606469823
-29.180885,51,74.05248,1.0,0.03849160112522246
-62.858312,200,74.168933,0.0,0.2693424733287619
-88.230764,200,74.285462,0.0,0.44964145497342844
-85.45258,200,74.399499,0.0,0.4181902121230676
-122.787211,200,74.512034,0.0,0.6602974520215327
-82.551943,200,74.624556,0.0,0.4029319652020748
-7.178969,18,74.635559,1.0,0.022442530008332195
-161.046347,200,74.747103,0.0,0.8881777414311657
-96.314633,200,74.862637,0.0,0.5081159620788319
-82.85648,200,75.301882,0.0,0.3569870787648993
-70.881413,200,75.445393,0.0,0.3059731234132044
-118.292325,200,75.570937,0.0,0.6319270699458904
-85.066019,200,75.693563,0.0,0.4554973160342308
-98.912082,200,75.817068,0.0,0.49933638297299493
-14.864706,23,75.830067,1.0,0.03421681331766794
-131.883603,200,75.945238,0.0,0.7443874730128966
-121.95917,200,76.062784,0.0,0.5902715340364114
-48.69155,200,76.173324,0.0,0.2121985044837181
-64.774567,200,76.29093,0.0,0.27388777343075893
-84.316529,200,76.406057,0.0,0.4345856834358548
-1.430592,6,76.410063,1.0,0.039962505749275005
-86.496109,200,76.819639,0.0,0.4441885564055626
-126.109323,200,76.95816,0.0,0.672459745406705
-4.907819,14,76.967171,1.0,0.02502002506287825
-166.826608,200,77.086723,0.0,0.9602374574021638
-71.860802,200,77.202767,0.0,0.34969826857354863
-175.789114,200,77.321229,0.0,0.9082739577539349
-95.604127,200,77.436779,0.0,0.5109918939061184
-133.560855,200,77.551305,0.0,0.7190519940066005
-107.338788,200,77.666856,0.0,0.5756601083917179
-23.780345,44,77.693874,1.0,0.04355094853714816
-167.356902,200,77.808972,0.0,0.898455380654381
-113.682996,200,77.926513,0.0,0.6123238778963477
-118.24726,200,78.414398,0.0,0.603351834712342
-0.481373,3,78.4184,1.0,0.03292942749506546
-4.437013,13,78.428401,1.0,0.009051718815924117
-88.343937,200,78.56794,0.0,0.4436142003740491
-0.193243,2,78.569937,1.0,0.03416604981343769
-101.514749,200,78.687154,0.0,0.5193158907327028
-81.322792,200,78.806209,0.0,0.37430733729787413
-159.479861,200,78.922759,0.0,0.9456931862227393
-97.240265,200,79.038324,0.0,0.4635716138068903
-61.63205,200,79.1535,0.0,0.304286481491971
-121.841701,200,79.27002,0.0,0.6597762856657013
-72.326441,200,79.387548,0.0,0.38263975139152956
-139.613219,200,79.503194,0.0,0.8302864828982262
-86.432861,200,79.947721,0.0,0.46781372015139094
-82.544539,200,80.083244,0.0,0.4337663784057815
-18.707215,36,80.10579,1.0,0.02345049922735095
-137.492892,200,80.223318,0.0,0.8098273052659857
-110.901819,200,80.338739,0.0,0.5468508944517027
-125.237896,200,80.452297,0.0,0.6820858806095517
-60.72564,200,80.565797,0.0,0.22518731516026397
-74.962719,200,80.680334,0.0,0.29385243253930543
-73.542538,200,80.803401,0.0,0.3665549225493217
-85.968389,200,80.937878,0.0,0.4442591543447542
-155.598211,200,81.059398,0.0,0.8229659199474393
-100.888513,200,81.495477,0.0,0.553000122761457
-172.248139,200,81.632512,0.0,0.9194318272622408
-133.097206,200,81.749984,0.0,0.6992080960499629
-146.648841,200,81.864537,0.0,0.7915459868643493
-168.0635,200,81.9807,0.0,0.9173368215055251
-126.649216,200,82.093268,0.0,0.6615461585743201
-110.597774,200,82.208253,0.0,0.6428470743641409
-15.844059,37,82.230256,1.0,0.039000899704099534
-94.310432,200,82.346138,0.0,0.5028409474235626
-82.506428,200,82.46068,0.0,0.3728251951773096
-169.971724,200,82.577213,0.0,0.8695379455249999
-146.180911,200,82.99034,0.0,0.8370948008507284
-11.06867,18,83.003822,1.0,0.045072266969623236
-123.193922,200,83.140354,0.0,0.6621048076185698
-90.076523,200,83.258566,0.0,0.4729891530950975
-21.685517,29,83.274539,1.0,0.02877140223028861
-162.489217,200,83.395067,0.0,0.8437275387776149
-116.797192,200,83.525052,0.0,0.5362662233983193
-111.710123,200,83.651588,0.0,0.6275298631927244
-0.158899,2,83.654585,1.0,0.04717124835678875
-109.298205,200,83.775917,0.0,0.5576703405788039
-57.69555,200,83.894455,0.0,0.22291931840956322
-119.429357,200,84.013925,0.0,0.6659225412677106
-105.321659,200,84.130022,0.0,0.4923595490896068
-172.207566,200,84.576059,0.0,0.8559382324592609
-178.241286,200,84.709283,0.0,0.9731392709763156
-173.86204,200,84.828794,0.0,0.8936596185651348
-164.245137,200,84.947313,0.0,0.8966232485063689
-142.451015,200,85.060837,0.0,0.7501292683188197
-104.479027,200,85.17739,0.0,0.5033353144149818
-77.610364,200,85.290904,0.0,0.28323496396531345
-155.296255,200,85.406895,0.0,0.8155994508626185
-137.490595,200,85.519423,0.0,0.7647842514852883
-96.140974,200,85.639979,0.0,0.48684942486873434
-0.036352,1,85.641947,1.0,0.03624545589599343
-71.875641,200,86.073487,0.0,0.36748773964482634
-83.12014,200,86.240513,0.0,0.4462207435743905
-113.762349,200,86.37204,0.0,0.5899968060262631
-169.235059,200,86.500934,0.0,0.8768395131698379
-118.269908,200,86.617971,0.0,0.6759090472411535
-164.068162,200,86.736627,0.0,0.9174053729368541
-70.432255,200,86.854209,0.0,0.33584097719302786
-105.457586,200,86.970285,0.0,0.5559435776552958
-80.867342,200,87.083811,0.0,0.37968182177053733
-144.053026,200,87.19934,0.0,0.8208311192202515
-1.228445,6,87.203862,1.0,0.04610148844588836
-60.327626,200,87.603688,0.0,0.28003969077447954
-83.070083,200,87.730194,0.0,0.41580836179052266
-105.147961,200,87.849721,0.0,0.5377754421317643
-163.681117,200,87.966817,0.0,0.878349955212002
-83.834408,200,88.081347,0.0,0.4386195569952678
-61.92565,200,88.194915,0.0,0.2866865535242063
-84.356973,200,88.30751,0.0,0.3903806128721452
-161.480936,200,88.42105,0.0,0.8569692261801202
-96.427945,200,88.536187,0.0,0.44889004137067856
-105.953961,200,88.649762,0.0,0.5452784766343797
-142.385693,200,88.765633,0.0,0.7690767968385664
-179.932864,200,89.223303,0.0,0.9129340527922771
-83.6329,200,89.355444,0.0,0.3903521678046843
-80.353078,200,89.482749,0.0,0.408873833066863
-95.208548,200,89.609924,0.0,0.48176566184661956
-126.824451,200,89.732046,0.0,0.7285161620777626
-59.550653,200,89.854566,0.0,0.29334098750061927
-118.960387,200,89.970002,0.0,0.6259493930521679
-0.670426,4,89.973005,1.0,0.015328482605943022
-0.026722,1,89.974024,1.0,0.02658091744106991
-122.512892,200,90.087064,0.0,0.630759075470487
-57.967327,200,90.198593,0.0,0.2277215526264125
-99.927786,200,90.315662,0.0,0.4793937029194326
-62.013378,200,90.74449,0.0,0.2873292306302766
-0.433942,3,90.74849,1.0,0.03268043111555898
-94.045522,200,90.883041,0.0,0.48550639327065537
-157.289918,200,91.009127,0.0,0.8374467287872355
-77.454,200,91.123705,0.0,0.4022250781090133
-172.533741,200,91.238231,0.0,0.9302092823044809
-116.75411,200,91.354773,0.0,0.5982695227671917
-148.300089,200,91.472182,0.0,0.7850073773221536
-139.546215,200,91.588613,0.0,0.6973087584201454
-134.583402,200,91.705186,0.0,0.7323005440399051
-83.992563,200,91.827696,0.0,0.4019709607449421
-1.562861,7,91.833699,1.0,0.04010034225460286
-145.613722,200,92.293849,0.0,0.7979239354827259
-43.805972,200,92.418068,0.0,0.1389184458605346
-168.991539,200,92.544624,0.0,0.9463791292055239
-100.870857,200,92.664147,0.0,0.5127556942714858
-172.222397,200,92.77777,0.0,0.9049666462698227
-142.287,200,92.894837,0.0,0.7390279168309402
-4.277408,18,92.906349,1.0,0.04909734775362547
-95.827116,200,93.020855,0.0,0.4641712171837264
-20.728597,45,93.047881,1.0,0.041468270408743305
-109.09178,200,93.159411,0.0,0.5975097298795737
-105.258977,200,93.275736,0.0,0.5785294260837349
-181.364274,200,93.388256,0.0,0.9045006308632825
-50.454506,200,93.787295,0.0,0.17533792467782244
-171.59238,200,93.921365,0.0,0.9009216791500267
-173.692802,200,94.042891,0.0,0.9983414575201145
-84.585234,200,94.161063,0.0,0.41506067589373585
-86.14698,200,94.274586,0.0,0.43514098572717086
-127.925957,200,94.391136,0.0,0.7399824267387435
-81.392206,200,94.51216,0.0,0.33489870270423755
-110.89588,200,94.647692,0.0,0.5920976407597748
-155.434289,200,94.772218,0.0,0.8276254642516113
-138.407335,200,94.889735,0.0,0.750918880406538
-108.177331,200,95.294806,0.0,0.5924072435563619
-22.732614,39,95.318326,1.0,0.027349435749510882
-31.510671,55,95.352319,1.0,0.04476712967170134
-92.017476,200,95.480842,0.0,0.42391182746863487
-169.235378,200,95.600502,0.0,0.8660531178469912
-105.624608,200,95.715534,0.0,0.5791766700130926
-90.104828,200,95.833082,0.0,0.4543004181306056
-106.758967,200,95.949656,0.0,0.5479859203993058
-8.827464,32,95.969656,1.0,0.02579589924635738
-12.248495,20,95.982659,1.0,0.03538829805147058
-89.626213,200,96.094119,0.0,0.41076675927584977
-24.787974,26,96.108648,1.0,0.009812125970351243
-127.657243,200,96.222187,0.0,0.5331143126915967
-88.968999,200,96.335689,0.0,0.5041797786686435
-80.352726,200,96.44776,0.0,0.3772957998112642
-111.639843,200,96.868167,0.0,0.6072606504341339
-80.127965,200,96.99944,0.0,0.375517854610989
-155.979717,200,97.114474,0.0,0.8644860047426364
-23.247155,30,97.13598,1.0,0.036525486632802445
-143.588025,200,97.266526,0.0,0.7654547210139445
-178.929662,200,97.394057,0.0,0.9517945197159456
-165.885621,200,97.529092,0.0,0.8583944158578668
-161.263269,200,97.651628,0.0,0.857661319103965
-142.864491,200,97.768815,0.0,0.7513457130747425
-79.004816,200,97.883901,0.0,0.40204560172207654
-134.12346,200,97.998413,0.0,0.6741814840856443
-142.544681,200,98.435502,0.0,0.7719139472067756
-66.364132,200,98.560013,0.0,0.29990382471436383
-99.82503,200,98.680544,0.0,0.49397941940166157
-113.709777,200,98.797072,0.0,0.6408601066751625
-147.180176,200,98.911064,0.0,0.7876371558995431
-20.64569,24,98.925067,1.0,0.0465995295268665
-99.436118,200,99.037606,0.0,0.49692700672833795
-150.748844,200,99.152129,0.0,0.8180464477446607
-118.266682,200,99.264672,0.0,0.5998534031777609
-158.198267,200,99.380244,0.0,0.8246492964313192
-105.673075,200,99.493748,0.0,0.4995807661606712
-114.113206,200,99.929959,0.0,0.5762870553241624
-117.566703,200,100.07152,0.0,0.6366943476993628
-144.318694,200,100.205041,0.0,0.7704192046572248
-165.151897,200,100.328014,0.0,0.846117163895503
-83.458213,200,100.449675,0.0,0.4362909209002133
-87.733176,200,100.566371,0.0,0.4391611278335189
-85.676016,200,100.682614,0.0,0.3778080410127194
-123.24088,200,100.801157,0.0,0.6383580660810597
-94.328209,200,100.916846,0.0,0.45413107971290106
-83.640616,200,101.033152,0.0,0.3979365902639722
-110.772837,200,101.439152,0.0,0.5645230742277715
-85.386821,200,101.558668,0.0,0.42362138173844055
-175.173122,200,101.683142,0.0,0.8970211683611946
-129.857634,200,101.797718,0.0,0.6464620802407741
-72.745769,200,101.912768,0.0,0.32796921382371136
-103.921297,200,102.030302,0.0,0.5438210736568883
-135.683815,200,102.145839,0.0,0.6675003799542585
-1.912749,7,102.150826,1.0,0.03650144009363063
-60.276044,200,102.26302,0.0,0.21672996639779074
-179.856521,200,102.376265,0.0,0.9497498163098799
-109.329127,200,102.49279,0.0,0.5388520692734637
-102.570291,200,102.955383,0.0,0.5246226593537129
-88.218385,200,103.116413,0.0,0.4574935559861984
-53.341241,200,103.245753,0.0,0.174256786221149
-70.755798,200,103.364877,0.0,0.30185868228167384
-145.51979,200,103.479974,0.0,0.7587695234825167
-119.645359,200,103.594519,0.0,0.6432108045093571
-161.838994,200,103.70786,0.0,0.8950539878622882
-114.298272,200,103.822413,0.0,0.6399683946466594
-84.295609,200,103.937956,0.0,0.4513514417902081
-157.882014,200,104.049489,0.0,0.8767183820963778
-179.714482,200,104.165041,0.0,0.9270287449931766
-92.032508,200,104.58016,0.0,0.45166087267561833
-64.064986,200,104.711212,0.0,0.26883117063745965
-117.520657,200,104.830742,0.0,0.6570638568544661
-94.92112,200,104.948296,0.0,0.488729899113042
-50.931095,200,105.062571,0.0,0.2364500812958208
-76.402187,200,105.175082,0.0,0.36990825604156735
-118.417329,200,105.290605,0.0,0.6819208645526431
-80.86919,200,105.407148,0.0,0.4191505167121315
-112.85342,200,105.524354,0.0,0.6475508958559891
-121.298536,200,105.646873,0.0,0.8538395877765775
-167.20908,200,106.124316,0.0,0.8894771567241777
-111.391321,200,106.259994,0.0,0.6132904673039382
-93.295726,200,106.3815,0.0,0.5018778084566643
-63.511673,200,106.495799,0.0,0.27605859610964467
-145.921964,200,106.608307,0.0,0.7841427494632311
-111.809722,200,106.724312,0.0,0.6617836645730709
-20.228464,41,106.748315,1.0,0.03390110097338974
-96.95447,200,106.861491,0.0,0.5627208548962361
-126.20271,200,106.976046,0.0,0.7090320379015673
-157.10267,200,107.090569,0.0,0.8663633756005692
-69.611379,200,107.207075,0.0,0.35421579429364636
-100.564486,200,107.627634,0.0,0.5525313878084404
-94.256211,200,107.754162,0.0,0.4746477749897672
-119.327782,200,107.873313,0.0,0.6668347808410168
-89.903339,200,107.990851,0.0,0.4452579945184192
-165.340276,200,108.105396,0.0,0.9364208650772011
-120.341588,200,108.218438,0.0,0.7346257294614783
-91.082892,200,108.342938,0.0,0.45062316407845887
-88.547315,200,108.470474,0.0,0.5070461562324727
-82.060214,200,108.593997,0.0,0.38714684981565406
-100.790022,200,108.71302,0.0,0.5549278358449601
-18.395819,36,108.737952,1.0,0.03205481387624111
-148.66922,200,109.154648,0.0,0.8620083282279869
-23.709401,43,109.187649,1.0,0.04212235306213127
-60.658535,200,109.320626,0.0,0.12072263668030253
-154.906119,200,109.437144,0.0,0.8736246398183329
-114.521367,200,109.553678,0.0,0.6381895501481948
-3.732411,13,109.561678,1.0,0.04253644760645159
-57.943498,200,109.677213,0.0,0.23184547666752628
-143.469766,200,109.790488,0.0,0.8239062587910784
-99.22998,200,109.904577,0.0,0.578052869349861
-2.051339,8,109.909555,1.0,0.047249348725084336
-113.674091,200,110.025562,0.0,0.6299220069836073
-87.641927,200,110.141042,0.0,0.48805177713560005
-95.640039,200,110.258591,0.0,0.47633011892868365
-157.046766,200,110.668925,0.0,0.8313814378963781
-103.444081,200,110.806441,0.0,0.5357039895290806
-126.928465,200,110.924471,0.0,0.7266968829671032
-0.518027,3,110.925932,1.0,0.03856184230448096
-122.49795,200,111.05278,0.0,0.7170787393613081
-9.599903,31,111.072783,1.0,0.04320263939222397
-118.386993,200,111.200325,0.0,0.6843175261282752
-2.113519,9,111.208324,1.0,0.04353502853386229
-100.665883,200,111.333321,0.0,0.5604559042726855
-107.425734,200,111.451515,0.0,0.6286619485647411
-144.298134,200,111.571049,0.0,0.8621731864224227
-15.440062,36,111.593049,1.0,0.03364954493327654
-115.406754,200,111.706144,0.0,0.5893327983338436
-0.850497,4,111.710151,1.0,0.020428148757352316
-133.338209,200,111.827162,0.0,0.7533843574083217
-58.202954,200,112.239623,0.0,0.164388047559372
-11.262004,20,112.256622,1.0,0.01752911450412011
-70.080061,200,112.387167,0.0,0.2697061767037192
-102.762116,200,112.505693,0.0,0.5952934137952484
-133.707177,200,112.625217,0.0,0.7675960723473538
-113.548866,200,112.735245,0.0,0.6500038305770787
-81.367357,200,112.854774,0.0,0.4172683213493254
-0.468465,3,112.857774,1.0,0.044551156566004904
-16.771908,40,112.882777,1.0,0.0472412687814961
-78.512171,200,113.001843,0.0,0.4109206069824257
-0.204501,2,113.003846,1.0,0.04409965502001138
-120.183585,200,113.120973,0.0,0.7427692125157811
-74.276055,200,113.238262,0.0,0.2868037211948704
-6.415212,27,113.256202,1.0,0.03880828793602446
-89.547947,200,113.671755,0.0,0.4499609471024427
-31.42737,57,113.721277,1.0,0.047951238149174645
-0.3278,3,113.724278,1.0,0.045726408465733205
-15.375265,35,113.748277,1.0,0.029609468702701727
-93.938813,200,113.904812,0.0,0.5187873779264452
-79.4014,200,114.034846,0.0,0.4299741530760151
-95.094688,200,114.163365,0.0,0.45883277485483387
-157.598834,200,114.279444,0.0,0.8796875265929148
-0.029734,1,114.280443,1.0,0.029592416887712636
-15.757788,30,114.299323,1.0,0.02910962641945519
-102.576686,200,114.420557,0.0,0.5902012946718794
-135.854116,200,114.538058,0.0,0.7624391963714886
-71.378654,200,114.653543,0.0,0.3610642157171336
-54.864808,200,114.769013,0.0,0.24869472956369737
-95.915448,200,114.880568,0.0,0.5382409089072904
-96.092405,200,115.307374,0.0,0.534997346308623
-69.969756,200,115.435344,0.0,0.34152228321780526
-103.739061,200,115.553956,0.0,0.5818007544256831
-42.842474,200,115.672484,0.0,0.13724352584038127
-110.299405,200,115.784986,0.0,0.5898891946557591
-23.24556,38,115.806984,1.0,0.03498270363285701
-145.962701,200,115.925745,0.0,0.8372215158316565
-23.38913,47,115.960624,1.0,0.04952635930133118
-108.795817,200,116.091331,0.0,0.6266980156961649
-90.079799,200,116.206855,0.0,0.3870920509503952
-84.035569,200,116.32292,0.0,0.3734478488629683
-34.972733,56,116.354919,1.0,0.048654887543138105
-152.339828,200,116.46844,0.0,0.8626914793715152
-89.650773,200,116.937642,0.0,0.44455805354536665
-69.576921,200,117.071721,0.0,0.2826044293657123
-139.848535,200,117.19657,0.0,0.7674193719487271
-88.937395,200,117.311242,0.0,0.45143400138539774
-6.527677,17,117.321754,1.0,0.04912393858283205
-97.162075,200,117.438276,0.0,0.4596976436411908
-17.476262,55,117.471279,1.0,0.0235292537273881
-96.961142,200,117.585742,0.0,0.4838984356218976
-93.939236,200,117.699288,0.0,0.526279437410856
-76.486957,200,117.814304,0.0,0.32920925193650136
-21.436344,47,117.842313,1.0,0.007197880796208134
-70.891418,200,117.959905,0.0,0.34885775718092876
-126.968355,200,118.367538,0.0,0.7458470524805632
-126.124242,200,118.516583,0.0,0.6882613730476866
-159.013215,200,118.640139,0.0,0.8567892327138257
-158.118016,200,118.758187,0.0,0.8862550350413047
-20.322836,42,118.78319,1.0,0.04242084469989387
-164.616088,200,118.903751,0.0,0.9500275660607169
-146.206805,200,119.022799,0.0,0.7742506385902164
-108.803007,200,119.139347,0.0,0.6383565659631445
-105.165817,200,119.252666,0.0,0.597133809450525
-116.512392,200,119.374142,0.0,0.6545803409432123
-162.829072,200,119.503724,0.0,0.9121857168074217
-100.806232,200,119.958299,0.0,0.5796291164692008
-75.480006,200,120.083353,0.0,0.414513101189813
-87.722582,200,120.20391,0.0,0.46721116060874224
-55.276065,200,120.321917,0.0,0.2514733419348214
-85.561602,200,120.437435,0.0,0.4468911888858242
-99.36356,200,120.553996,0.0,0.5257476194547279
-80.573113,200,120.670565,0.0,0.4261328480223678
-77.462564,200,120.778037,0.0,0.41576951126470924
-112.453539,200,120.893589,0.0,0.6677049872098578
-113.391234,200,121.008146,0.0,0.5705900482554236
-98.671347,200,121.393245,0.0,0.49902308807103873
-169.954637,200,121.538118,0.0,0.9543291427719971
-49.502463,200,121.662653,0.0,0.16755916904585835
-0.3678,3,121.664684,1.0,0.03702416264520714
-106.587082,200,121.781115,0.0,0.5118529081852778
-115.91737,200,121.897652,0.0,0.6684535361274567
-119.966399,200,122.01809,0.0,0.6960478051390888
-92.434596,200,122.14461,0.0,0.4995839477182191
-3.162702,14,122.154638,1.0,0.03760549386331438
-59.865826,200,122.282141,0.0,0.2146731300763606
-172.781145,200,122.402661,0.0,0.9329697695404414
-110.14412,200,122.525894,0.0,0.6384061125695406
-2.066181,8,122.532438,1.0,0.044688105346284174
-126.671636,200,122.64614,0.0,0.7487540550854122
-122.267294,200,123.084788,0.0,0.6881055292196647
-113.807402,200,123.210345,0.0,0.5064434370972478
-104.565674,200,123.325377,0.0,0.4547980382590636
-102.833082,200,123.440422,0.0,0.5588120612817222
-92.649319,200,123.55494,0.0,0.5046675687096678
-144.024396,200,123.667482,0.0,0.8102445282871448
-93.646767,200,123.780963,0.0,0.5141655350757504
-6.971917,18,123.790964,1.0,0.022028190585988986
-122.609983,200,123.902497,0.0,0.7224903793634874
-91.311068,200,124.019486,0.0,0.5028396199787972
-163.812226,200,124.132584,0.0,0.8539327503983275
-13.816059,38,124.156012,1.0,0.04583519849203997
-5.280322,27,124.470138,1.0,0.04291225231581659
-116.352664,200,124.61066,0.0,0.6646638970223229
-133.351861,200,124.745908,0.0,0.7761964037262874
-121.369138,200,124.874439,0.0,0.6911417527716677
-119.054666,200,125.012028,0.0,0.6854500140594273
-85.695905,200,125.134966,0.0,0.4405131260289892
-41.111605,200,125.261875,0.0,0.1647810570576831
-6.844292,19,125.274624,1.0,0.04781815694343033
-124.028294,200,125.405802,0.0,0.6685944933397883
-88.89222,200,125.530356,0.0,0.4128896606407555
-104.75765,200,125.653669,0.0,0.6086014988896082
-116.517892,200,125.77421,0.0,0.6462402167329122
-155.856065,200,126.218801,0.0,0.8611852963338569
-153.001634,200,126.355336,0.0,0.852102235980771
-4.925959,28,126.373324,1.0,0.04397218347560221
-47.173452,200,126.497492,0.0,0.17305644198664347
-128.125892,200,126.614962,0.0,0.723049125464962
-90.9767,200,126.732922,0.0,0.4849161571152205
-87.350438,200,126.848476,0.0,0.4802608660387947
-0.48961,3,126.850447,1.0,0.04330724956216595
-124.62764,200,126.964007,0.0,0.677073598696887
-146.683372,200,127.076559,0.0,0.802865467373268
-135.073231,200,127.193519,0.0,0.8059772049286723
-0.564958,4,127.19752,1.0,0.025204031128401472
-25.311127,42,127.223083,1.0,0.023960477965393336
-120.556977,200,127.66906,0.0,0.7700395969278389
-16.414807,24,127.691065,1.0,0.04305802024860259
-8.797998,18,127.708067,1.0,0.03520099879206419
-106.196798,200,127.860089,0.0,0.5659712760063745
-1.012882,5,127.86409,1.0,0.030703527347184314
-113.020699,200,127.983607,0.0,0.6082410974083081
-153.077552,200,128.108607,0.0,0.8802320206457234
-17.188455,25,128.124151,1.0,0.020186645693116817
-0.042136,1,128.126151,1.0,0.04199477184775092
-12.422429,39,128.14774,1.0,0.04306728460007775
-179.734401,200,128.26382,0.0,0.9951472289949645
-96.327285,200,128.377356,0.0,0.5549456101286699
-60.428724,200,128.488854,0.0,0.3028890694686956
-105.23712,200,128.606364,0.0,0.5944235216147276
-134.548463,200,128.723404,0.0,0.8140903142543907
-144.417891,200,128.832929,0.0,0.812152304652736
-58.837213,200,129.260293,0.0,0.2291657730972782
-11.240919,36,129.283295,1.0,0.04327667973765074
-99.890658,200,129.404846,0.0,0.5641268391660819
-5.602326,26,129.423375,1.0,0.025794020565068743
-83.076627,200,129.541935,0.0,0.45001761002200685
-94.695189,200,129.66234,0.0,0.5341539747729539
-155.198888,200,129.780895,0.0,0.916264543069666
-92.417518,200,129.896418,0.0,0.51514530953986
-161.574358,200,130.010886,0.0,0.8996894438649577
-8.575735,21,130.023419,1.0,0.029746182119210273
-110.334677,200,130.137896,0.0,0.6261207786377447
-8.063945,24,130.150896,1.0,0.026860922178788733
-7.052239,21,130.16293,1.0,0.041363800079650716
-67.764744,200,130.28256,0.0,0.2763684260938422
-94.104193,200,130.406035,0.0,0.5115484384453794
-69.742456,200,130.900718,0.0,0.3561241740144675
-127.699244,200,131.025979,0.0,0.7512192454827143
-100.780812,200,131.145454,0.0,0.5824724753652744
-77.711271,200,131.26098,0.0,0.4193207602850297
-11.789564,34,131.281977,1.0,0.023480512280142418
-6.604397,15,131.290979,1.0,0.04271688539833892
-95.820677,200,131.402506,0.0,0.5188642658110396
-155.840587,200,131.520546,0.0,0.9144107763556368
-133.855845,200,131.637086,0.0,0.7524476164854214
-111.402849,200,131.749593,0.0,0.6343179970009749
-29.710631,33,131.768593,1.0,0.02108419643309531
-70.729465,200,131.883113,0.0,0.31166973562419226
-96.894053,200,131.99765,0.0,0.5407079829889717
-4.685796,17,132.358005,1.0,0.02812830874558618
-84.012277,200,132.489508,0.0,0.362716827067755
-25.463214,43,132.519515,1.0,0.04613488781657958
-140.436794,200,132.642548,0.0,0.8291896865346222
-124.075913,200,132.760014,0.0,0.7126297246610923
-5.040571,22,132.773018,1.0,0.048096298125428504
-83.288461,200,132.888554,0.0,0.35630116698780934
-81.003394,200,133.004018,0.0,0.42321708817154385
-11.148083,35,133.025837,1.0,0.026264547431751804
-145.925322,200,133.152371,0.0,0.7934370923440887
-56.157182,200,133.278901,0.0,0.2529228145868063
-120.821236,200,133.4032,0.0,0.6910713101860466
-142.639758,200,133.518719,0.0,0.7851337899022881
-68.321126,200,133.943335,0.0,0.36633235366294686
-76.506352,200,134.072861,0.0,0.355647567219364
-150.485986,200,134.19139,0.0,0.858643958938
-8.408271,29,134.209414,1.0,0.020652773070794148
-141.86115,200,134.32543,0.0,0.8510953058350719
-0.130608,2,134.327458,1.0,0.016570371711044907
-108.280709,200,134.442962,0.0,0.4873581638538088
-126.611081,200,134.559479,0.0,0.7045132062668933
-0.793676,4,134.56248,1.0,0.04124415967903513
-89.933207,200,134.677065,0.0,0.42257331336242393
-54.183685,200,134.792524,0.0,0.25158582381077604
-146.777889,200,134.903046,0.0,0.844135173044883
-147.816613,200,135.017627,0.0,0.8676625128597741
-58.123881,200,135.425184,0.0,0.26813889192008217
-118.851308,200,135.570714,0.0,0.6461186482156439
-116.565462,200,135.696274,0.0,0.6077212699858155
-104.496773,200,135.826808,0.0,0.5907158267355971
-85.95238,200,135.953334,0.0,0.47384216792111766
-86.936333,200,136.079893,0.0,0.48580075080071855
-142.838485,200,136.199023,0.0,0.7961802745430719
-163.946753,200,136.316862,0.0,0.901398227354377
-125.436044,200,136.430207,0.0,0.7225117936238568
-60.670812,200,136.546716,0.0,0.26865801604481865
-67.334627,200,136.944734,0.0,0.3244394626317685
-168.022957,200,137.082243,0.0,0.9261931353499369
-8.712399,29,137.103243,1.0,0.03825325682217799
-149.152376,200,137.22828,0.0,0.8533596780026799
-156.184009,200,137.344783,0.0,0.8861752095393198
-110.523215,200,137.459312,0.0,0.6573103389767423
-136.524015,200,137.575795,0.0,0.8146144190822892
-137.815528,200,137.693316,0.0,0.7824275035162762
-0.957234,5,137.697318,1.0,0.046723011726018435
-108.179191,200,137.813753,0.0,0.5676251285217151
-14.592983,25,137.829235,1.0,0.033197285646774745
-3.754225,16,137.838237,1.0,0.017710388808613652
-12.236508,32,137.856235,1.0,0.034790404314195514
-102.340871,200,137.970781,0.0,0.5558374470183015
-0.602767,4,137.974749,1.0,0.010051284868570197
-162.183902,200,138.084335,0.0,0.9004133998198509
-0.331909,3,138.08633,1.0,0.013985326372572101
-57.523117,200,138.500077,0.0,0.2614323160785235
-101.703053,200,138.651166,0.0,0.5225958080542717
-15.216078,33,138.676162,1.0,0.03663015125156429
-117.216359,200,138.809739,0.0,0.6919484108931067
-17.926023,37,138.83332,1.0,0.04825450193426625
-19.154136,44,138.860289,1.0,0.032975627206185104
-3.046247,13,138.8693,1.0,0.04371576183504225
-137.228162,200,138.983814,0.0,0.754887457145527
-135.626588,200,139.108203,0.0,0.758265609782315
-155.957378,200,139.226507,0.0,0.8527740281636527
-86.130017,200,139.341021,0.0,0.47360639062288684
-129.794337,200,139.457541,0.0,0.7599811231624364
-88.158096,200,139.567031,0.0,0.4563601915597271
-16.602163,38,139.590049,1.0,0.0335343954837646
-90.858481,200,139.707554,0.0,0.49512130181608494
-121.391313,200,140.14213,0.0,0.710995537966171
-5.999368,26,140.15913,1.0,0.04104050129212638
-65.534939,200,140.282648,0.0,0.28177945066503374
-45.432162,200,140.398128,0.0,0.19448750650154958
-60.351899,200,140.512742,0.0,0.3017922061431379
-163.994503,200,140.627777,0.0,0.924083928530925
-0.036114,1,140.629777,1.0,0.035972180291576165
-157.184298,200,140.747302,0.0,0.9125460377919205
-88.155913,200,140.859828,0.0,0.4843373825193017
-0.745853,4,140.862829,1.0,0.02777937081692612
-163.924617,200,140.977353,0.0,0.9058458693840199
-12.893078,40,141.001356,1.0,0.02920364150591773
-16.305157,31,141.019361,1.0,0.03718026338989975
-96.104814,200,141.134441,0.0,0.5243195458932047
-131.999762,200,141.559558,0.0,0.7818869940807595
-9.956289,35,141.584557,1.0,0.03388365509614292
-110.178578,200,141.730585,0.0,0.63514651348036
-108.650586,200,141.852029,0.0,0.5185335090610611
-0.814262,4,141.855875,1.0,0.03876350303840873
-75.854194,200,141.971044,0.0,0.4031034332599928
-62.577375,200,142.089201,0.0,0.29782573495691467
-12.510075,37,142.111206,1.0,0.04686098548388393
-117.198039,200,142.227275,0.0,0.6160902738117252
-99.259097,200,142.345167,0.0,0.5628595477881093
-10.807187,24,142.361974,1.0,0.043621760367497354
-124.32974,200,142.474483,0.0,0.635059401085198
-9.558725,28,142.489485,1.0,0.030498551229954013
-104.249718,200,142.603027,0.0,0.5948416299013582
-61.11959,200,142.71653,0.0,0.29139169363482914
-72.970336,200,143.143301,0.0,0.38276325790011906
-66.167713,200,143.276758,0.0,0.28589409640431146
-17.416113,31,143.296761,1.0,0.03382289282279725
-159.17048,200,143.413317,0.0,0.9147972350284178
-122.341777,200,143.530374,0.0,0.6893709102619318
-3.381071,14,143.539376,1.0,0.04625499908011016
-101.941097,200,143.655454,0.0,0.5180296087941457
-104.462603,200,143.771778,0.0,0.5645292535057728
-12.153436,35,143.792778,1.0,0.040496275042854704
-2.863602,15,143.802778,1.0,0.04526349376094952
-74.096658,200,143.91583,0.0,0.35775643465895324
-80.677468,200,144.030857,0.0,0.4187322497758682
-11.315046,31,144.049857,1.0,0.03724599440594762
-103.669387,200,144.172477,0.0,0.5760253704905618
-137.002474,200,144.300969,0.0,0.8013567138828781
-76.984411,200,144.761677,0.0,0.39131428616962977
-22.899547,46,144.793675,1.0,0.032942496536201175
-0.350618,3,144.796681,1.0,0.0426030429620969
-1.400609,16,144.80968,1.0,0.04070238319724815
-132.284844,200,144.933351,0.0,0.7714483434229855
-87.857624,200,145.05091,0.0,0.41388404086498504
-9.724307,24,145.06591,1.0,0.030366252685953787
-17.229374,36,145.087928,1.0,0.03452182039483113
-21.018904,40,145.110911,1.0,0.04638167544713806
-43.442654,200,145.226439,0.0,0.15189505439584883
-107.891118,200,145.341418,0.0,0.615317743345919
-3.744507,24,145.35542,1.0,0.044162337187904556
-125.854584,200,145.471887,0.0,0.7280766786426159
-77.132637,200,145.582433,0.0,0.35306503919370463
-77.552597,200,145.696811,0.0,0.43618871923850844
-145.585959,200,145.81429,0.0,0.8218385934042485
-71.822873,200,146.252774,0.0,0.3423755284265786
-91.510588,200,146.39828,0.0,0.5278853785429083
-37.732617,200,146.522842,0.0,0.12769826391256545
-18.721999,40,146.547323,1.0,0.04973170312553758
-5.613615,25,146.563354,1.0,0.047744787319864535
-107.33572,200,146.674846,0.0,0.5927878508961346
-0.952543,5,146.678843,1.0,0.031926053594157795
-152.521339,200,146.796368,0.0,0.8892412132603912
-139.932474,200,146.928389,0.0,0.7665959635873988
-0.90567,5,146.932417,1.0,0.020025174765649544
-82.800594,200,147.059908,0.0,0.4302093499533241
-155.805711,200,147.190619,0.0,0.877442745931492
-154.810398,200,147.318189,0.0,0.8814084706687308
-182.419152,200,147.44062,0.0,0.9481665616254961
-111.014012,200,147.865474,0.0,0.6061320440427415
-0.759029,4,147.870474,1.0,0.04115124217665516
-132.828342,200,147.997012,0.0,0.7729707648136358
-7.441897,31,148.016055,1.0,0.025397665566072678
-62.338514,200,148.132115,0.0,0.28875758489359893
-136.583867,200,148.248628,0.0,0.7922823169274948
-10.397705,20,148.260627,1.0,0.022315213000281747
-16.752894,44,148.285628,1.0,0.0436777935503188
-100.978551,200,148.400828,0.0,0.47513584780319673
-82.54747,200,148.518402,0.0,0.44029910380997583
-109.592285,200,148.631447,0.0,0.6302942515616916
-146.320201,200,148.74732,0.0,0.87358924686871
-97.584722,200,148.861861,0.0,0.493668283695965
-159.413968,200,149.250904,0.0,0.8643375863180212
-104.359469,200,149.392422,0.0,0.5097543356038758
-11.59328,31,149.420428,1.0,0.03707512261708848
-90.872522,200,149.544163,0.0,0.40210120835720464
-122.403232,200,149.67071,0.0,0.7009539812063753
-11.025939,35,149.694709,1.0,0.023287751067623725
-129.869137,200,149.823204,0.0,0.6499105631027948
-137.349716,200,149.943374,0.0,0.7720148751033595
-4.390965,25,149.959371,1.0,0.04093266791913073
-12.737797,29,149.97837,1.0,0.033552563067874096
-0.04102,1,149.97937,1.0,0.04088115303077472
-87.866985,200,150.097068,0.0,0.47431367563357457
-77.572879,200,150.212213,0.0,0.39357040777191815
-15.481281,28,150.228252,1.0,0.03659644066639587
-107.598129,200,150.342293,0.0,0.62980747276897
-65.533939,200,150.457846,0.0,0.27809258494171185
-124.452754,200,150.872782,0.0,0.7344243853165475
-8.654167,28,150.891779,1.0,0.03535577523366281
-83.537329,200,151.021312,0.0,0.45786555355611014
-162.565314,200,151.140346,0.0,0.9410801028915615
-133.615348,200,151.258919,0.0,0.7405919260078473
-88.64638,200,151.373425,0.0,0.47394676937313474
-132.103169,200,151.486585,0.0,0.7412939898756957
-120.314543,200,151.601099,0.0,0.6995167171792837
-83.028986,200,151.715655,0.0,0.432067000162841
-99.378689,200,151.830601,0.0,0.5465593095441448
-115.685493,200,151.945063,0.0,0.6864072592789459
-86.368512,200,152.388624,0.0,0.48096076519048053
-19.641217,44,152.42563,1.0,0.046822145205247225
-26.609983,49,152.470148,1.0,0.034052317215310234
-17.319357,39,152.496142,1.0,0.041107733116318164
-1.544876,7,152.501142,1.0,0.048580465315108116
-5.469821,27,152.518151,1.0,0.04553186791574558
-102.94135,200,152.652966,0.0,0.5954329942957725
-150.268361,200,152.775097,0.0,0.8240147992327795
-116.885926,200,152.892716,0.0,0.6215058908176878
-6.799138,19,152.904686,1.0,0.03188849646801509
-92.91509,200,153.020873,0.0,0.44544608680209086
-12.765808,41,153.045377,1.0,0.0480867899711605
-72.76076,200,153.161899,0.0,0.3509825381322773
-8.806887,27,153.1779,1.0,0.04301334520225397
-102.316875,200,153.293423,0.0,0.584246314765167
-16.84733,38,153.31644,1.0,0.022480014279694906
-138.789235,200,153.430998,0.0,0.7804880430081163
-54.226049,200,153.545437,0.0,0.25602119212434876
-3.778447,21,153.558437,1.0,0.04143185656989623
-13.882301,38,153.580436,1.0,0.04145257832613958
-78.31949,200,154.013958,0.0,0.35057592975202306
-154.212562,200,154.144669,0.0,0.8818533375429792
-1.242653,5,154.148671,1.0,0.025751876622992612
-138.68216,200,154.265226,0.0,0.807551250198359
-94.948026,200,154.382763,0.0,0.44754004608827214
-137.257785,200,154.499288,0.0,0.7249556842570726
-24.64542,39,154.522294,1.0,0.03628415107298843
-18.298819,40,154.545809,1.0,0.03778544964502685
-107.642611,200,154.659289,0.0,0.6227438363634604
-78.735239,200,154.774813,0.0,0.44214073958926914
-69.985121,200,154.891359,0.0,0.32233076283924955
-154.713857,200,155.006537,0.0,0.8479990698412501
-14.447048,30,155.024533,1.0,0.021225441849890843
-128.089138,200,155.476711,0.0,0.6766146037563487
-42.105052,78,155.542066,1.0,0.03178383720250046
-56.897288,200,155.672073,0.0,0.2331113810637367
-14.041824,35,155.694084,1.0,0.04549375250658185
-122.528568,200,155.812157,0.0,0.6490653659105591
-0.424784,3,155.815149,1.0,0.03287994031888729
-12.690664,25,155.830152,1.0,0.04993900374024392
-101.271819,200,155.948726,0.0,0.5695645638518829
-12.570922,29,155.966722,1.0,0.04121656779407667
-106.339164,200,156.082246,0.0,0.5389655586338716
-147.2136,200,156.195854,0.0,0.8425827013859581
-0.022498,1,156.197853,1.0,0.02235655513354129
-17.849696,35,156.217834,1.0,0.03094766108272757
-100.553418,200,156.331393,0.0,0.52714609590234
-10.077054,28,156.346843,1.0,0.045334556319274424
-0.6753,6,156.350844,1.0,0.03792819094623697
-132.421953,200,156.462395,0.0,0.778222960965187
-9.255647,34,156.48238,1.0,0.04996555173208128
-23.316938,48,156.511378,1.0,0.034022432996451676
-0.125271,2,156.513378,1.0,0.02967778676287749
-14.886559,34,156.532899,1.0,0.025854518181834065
-2.880683,17,156.542897,1.0,0.04702450525982463
-129.10964,200,156.65849,0.0,0.7414936777285679
-87.504514,200,157.083964,0.0,0.4388029583976112
-5.292102,27,157.106965,1.0,0.027884836902535414
-159.624484,200,157.22851,0.0,0.9134036027968417
-78.266877,200,157.345549,0.0,0.3457319434495495
-93.371928,200,157.462043,0.0,0.5111016654974314
-168.725111,200,157.575568,0.0,0.9453086851140088
-106.631775,200,157.690111,0.0,0.603066864344252
-12.167137,33,157.709092,1.0,0.041044532935158286
-7.533144,29,157.727098,1.0,0.036595700014431125
-125.367926,200,157.851182,0.0,0.7585587277689639
-5.3851,26,157.875185,1.0,0.04688829664227181
-27.365578,45,157.903182,1.0,0.04369288650155436
-163.744387,200,158.032271,0.0,0.9365770059706006
-17.723103,41,158.059285,1.0,0.03612094809931066
-43.187909,200,158.179793,0.0,0.13616539657153573
-144.587506,200,158.660258,0.0,0.8577586576915621
-6.276216,20,158.672273,1.0,0.04746694595283101
-130.866888,200,158.794784,0.0,0.7818486189520935
-129.457132,200,158.914327,0.0,0.7557023699482595
-103.413596,200,159.032398,0.0,0.5609920868787326
-49.073562,200,159.144883,0.0,0.21570087572713556
-99.701589,200,159.260426,0.0,0.48044642097564155
-149.269946,200,159.374915,0.0,0.8702424579166366
-16.157881,29,159.390903,1.0,0.0495777592728613
-51.155752,200,159.503464,0.0,0.1880100337315158
-131.132834,200,159.618765,0.0,0.745845360175415
-16.021531,38,159.641267,1.0,0.02409900564724129
-154.713722,200,159.753843,0.0,0.9076923326751963
-68.474399,200,160.183913,0.0,0.36000920399611847
-124.517149,200,160.314427,0.0,0.6953350361647658
-155.888529,200,160.433273,0.0,0.8931006971963182
-154.355673,200,160.557835,0.0,0.8651664647434054
-86.088863,200,160.684356,0.0,0.42432100365472564
-8.388172,35,160.708366,1.0,0.03918829331962153
-121.0313,200,160.833383,0.0,0.6408084638949878
-4.144047,20,160.845938,1.0,0.048935091615659634
-8.474667,28,160.862686,1.0,0.04394130258964908
-3.47564,24,160.877663,1.0,0.04934624685395088
-111.914932,200,160.998166,0.0,0.6290372937671047
-13.919436,32,161.019643,1.0,0.04350917006388991
-85.505517,200,161.141605,0.0,0.45201865162682525
-4.146022,17,161.152602,1.0,0.04535584926039073
-143.76059,200,161.27075,0.0,0.8283123169296156
-109.283213,200,161.694883,0.0,0.6169920768293243
-2.280293,8,161.700884,1.0,0.039133299216058515
-133.492035,200,161.836917,0.0,0.785940341503648
-75.157948,200,161.95546,0.0,0.3616645269456472
-77.125192,200,162.073966,0.0,0.40190058251950783
-106.881221,200,162.191516,0.0,0.6042003462429353
-96.390692,200,162.304013,0.0,0.5458804651602761
-154.172743,200,162.425373,0.0,0.8747075165682361
-11.513063,34,162.446862,1.0,0.049411294893080396
-56.59067,200,162.558341,0.0,0.2143831824986848
-83.53426,200,162.670885,0.0,0.42944057283261977
-14.706034,38,162.691873,1.0,0.037207010551511856
-1.043959,6,162.69587,1.0,0.02858488339129117
-8.416066,21,162.707872,1.0,0.037649552227965385
-117.9161,200,162.820405,0.0,0.5925292006355937
-94.618799,200,163.233825,0.0,0.4602032853087435
-79.228907,200,163.374866,0.0,0.4024666049264603
-59.790235,200,163.505256,0.0,0.23936116724215814
-104.463481,200,163.636306,0.0,0.6141946294449544
-79.116023,200,163.753838,0.0,0.4090403350941249
-13.448312,38,163.777559,1.0,0.019388931151863582
-81.264621,200,163.895851,0.0,0.42437133120465775
-112.145082,200,164.013919,0.0,0.6151443113522406
-114.412009,200,164.125426,0.0,0.6781167984469837
-1.306375,6,164.130405,1.0,0.04245899117273528
-6.649419,17,164.14092,1.0,0.045296044093984474
-161.402791,200,164.257416,0.0,0.9455634446281607
-85.226934,200,164.37194,0.0,0.44518798894653433
-150.741044,200,164.80202,0.0,0.8663325650775452
-97.896687,200,164.926538,0.0,0.4856698955454406
-93.932985,200,165.046967,0.0,0.4662859452670366
-158.590098,200,165.160502,0.0,0.8877797612815207
-115.662517,200,165.274977,0.0,0.6747974317189344
-74.399977,200,165.390492,0.0,0.354283595451393
-67.424726,200,165.50307,0.0,0.36183980772591917
-142.249011,200,165.615573,0.0,0.8631416837061613
-155.599754,200,165.73415,0.0,0.8974079118785458
-15.11069,25,165.749665,1.0,0.033887729844489504
-58.151746,200,165.862229,0.0,0.26539403078366336
-8.317441,32,165.881214,1.0,0.044728186157215966
-13.745702,44,166.226783,1.0,0.02993566980734724
-0.906978,9,166.236291,1.0,0.0433971849773826
-73.730793,200,166.397476,0.0,0.3413936328436709
-96.400461,200,166.527008,0.0,0.4935874128917061
-72.352383,200,166.646074,0.0,0.37173433344937745
-159.224264,200,166.764759,0.0,0.9057852740207817
-61.925433,200,166.880282,0.0,0.22511619503988353
-5.510642,21,166.893279,1.0,0.043085595482520334
-110.33553,200,167.01077,0.0,0.6089452906523429
-69.287535,200,167.127299,0.0,0.37517488873421423
-3.001408,15,167.136299,1.0,0.038066477409144844
-5.574531,28,167.152763,1.0,0.045186235629065465
-116.032937,200,167.268284,0.0,0.6415264525128925
-136.814452,200,167.380773,0.0,0.7891045800687229
-60.882037,200,167.787785,0.0,0.22760359234735378
-109.606437,200,167.922307,0.0,0.6142457960085799
-104.296523,200,168.046344,0.0,0.5879637806966278
-112.434464,200,168.16642,0.0,0.6548254527812122
-5.599355,19,168.179421,1.0,0.03779841361219411
-93.283537,200,168.296951,0.0,0.45136378375725245
-126.788275,200,168.413503,0.0,0.6837143802526233
-67.507985,200,168.528495,0.0,0.3072788743287718
-13.899681,36,168.550027,1.0,0.024197010065534763
-131.41112,200,168.660556,0.0,0.7095917266175246
-19.905745,37,168.684552,1.0,0.04815131979475002
-3.079142,11,168.691562,1.0,0.04665304173922665
-14.755859,30,168.709542,1.0,0.04923765489326298
-9.477392,34,168.729555,1.0,0.040973523646399126
-141.498059,200,168.84835,0.0,0.83989637781969
-10.901308,31,168.86735,1.0,0.043149691353278063
-153.970342,200,168.991895,0.0,0.9212466094832559
-52.378159,200,169.453729,0.0,0.1341740101821698
-96.578908,200,169.58381,0.0,0.5155391074766635
-60.369346,200,169.700336,0.0,0.212529095573537
-24.286406,45,169.72738,1.0,0.04908866293831644
-113.866928,200,169.846385,0.0,0.6604326836791794
-11.839815,35,169.867402,1.0,0.02844206331436016
-73.810357,200,169.985926,0.0,0.34001631661058573
-120.719883,200,170.099457,0.0,0.6721944133074061
-0.41547,3,170.102455,1.0,0.040044207481039255
-149.856334,200,170.216992,0.0,0.8531718800682918
-108.690399,200,170.331491,0.0,0.617794007301688
-75.825454,200,170.444537,0.0,0.381218714171522
-118.810586,200,170.865288,0.0,0.7054435157266387
-90.691718,200,171.009811,0.0,0.5154019998423545
-10.875648,40,171.038328,1.0,0.0485026019627172
-107.225493,200,171.161819,0.0,0.5834326368349847
-87.923465,200,171.283333,0.0,0.5109562487919299
-46.93062,200,171.399858,0.0,0.17565086577203118
-94.108073,200,171.514105,0.0,0.4885247036648218
-83.244726,200,171.637637,0.0,0.4179021811393496
-158.909338,200,171.778229,0.0,0.8458063791018285
-6.795075,32,171.799232,1.0,0.039098947637151625
-90.217244,200,171.920476,0.0,0.4500814318032659
-144.282333,200,172.039321,0.0,0.8303893628801714
-117.92871,200,172.463952,0.0,0.668249497651491
-78.142455,200,172.589471,0.0,0.39424737750313826
-78.569464,200,172.713982,0.0,0.39430585952738495
-127.22845,200,172.832526,0.0,0.7584682323635562
-8.81624,23,172.847047,1.0,0.03909181056049366
-13.952752,31,172.866044,1.0,0.04722400846724248
-0.147252,2,172.868044,1.0,0.04086132525834262
-120.414609,200,172.982564,0.0,0.7029413548379461
-153.458967,200,173.095982,0.0,0.9094605484664722
-132.228627,200,173.209515,0.0,0.7430696478049765
-145.295012,200,173.327086,0.0,0.842805307544099
-76.677902,200,173.441149,0.0,0.4245508473184926
-128.38665,200,173.553591,0.0,0.7566422334659277
-6.070173,26,173.568588,1.0,0.03991637187467878
-5.747377,22,173.582588,1.0,0.04485949337786407
-118.049193,200,174.016712,0.0,0.5886621752676509
-6.183269,21,174.030718,1.0,0.049057421644422894
-92.510345,200,174.158747,0.0,0.4216198859616717
-108.138313,200,174.284311,0.0,0.6441232296195473
-94.295326,200,174.416831,0.0,0.5047850427486492
-104.127336,200,174.541796,0.0,0.6173773086417074
-95.977991,200,174.661371,0.0,0.5049951018011876
-0.129519,2,174.663379,1.0,0.044785753269504014
-137.257136,200,174.791221,0.0,0.7602391501181964
-155.701652,200,174.906361,0.0,0.8541556727194197
-147.699716,200,175.023007,0.0,0.7777513019809107
-114.524158,200,175.137272,0.0,0.6187523983696158
-84.991119,200,175.533354,0.0,0.4529859574512565
-7.715251,29,175.554866,1.0,0.04585618741062696
-0.146483,2,175.556866,1.0,0.030025208610207136
-64.583418,200,175.684414,0.0,0.280126323968352
-2.535733,9,175.690422,1.0,0.02538299142717114
-136.074717,200,175.812535,0.0,0.7366808144386148
-9.801533,21,175.82554,1.0,0.03575064266658449
-138.366891,200,175.941804,0.0,0.8390777762283053
-62.564211,200,176.060376,0.0,0.3129641249821208
-163.161486,200,176.176895,0.0,0.9178332575679692
-13.043241,32,176.194896,1.0,0.04395547556204003
-102.195865,200,176.307346,0.0,0.5875718736970089
-63.124258,200,176.420874,0.0,0.3148868358898341
-135.926059,200,176.534384,0.0,0.7938800243810179
-4.856672,16,176.544935,1.0,0.04181204389666814
-122.979335,200,176.671963,0.0,0.713928052038065
-39.781705,200,177.119562,0.0,0.11362234254707376
-119.92414,200,177.282217,0.0,0.7681215461706172
-19.325358,36,177.307116,1.0,0.027284803451867474
-71.046588,200,177.427628,0.0,0.3557650091971263
-84.910715,200,177.548334,0.0,0.4884959873279754
-0.619304,4,177.551335,1.0,0.036775514603447065
-13.199765,28,177.569337,1.0,0.048602003873616184
-129.93093,200,177.686491,0.0,0.7590281291650625
-7.298769,24,177.70249,1.0,0.04310721603567788
-106.664825,200,177.815022,0.0,0.5870770788121177
-64.484721,200,177.930549,0.0,0.30083030072012495
-112.263943,200,178.0466,0.0,0.6410310157621634
-151.829448,200,178.15815,0.0,0.8957118390970076
-158.922067,200,178.274666,0.0,0.9141409813637719
-9.833388,24,178.568859,1.0,0.04873372479048179
-128.249864,200,178.701964,0.0,0.7032087111882902
-5.309647,24,178.721965,1.0,0.047876335983900516
-76.124387,200,178.85204,0.0,0.3361857592587206
-10.425033,27,178.869038,1.0,0.0078187286221331
-22.058343,41,178.895037,1.0,0.042273327956832515
-71.433347,200,179.011564,0.0,0.37950817444771023
-137.763129,200,179.126082,0.0,0.7334805668977473
-16.354146,40,179.149567,1.0,0.03256514015360033
-111.391855,200,179.266146,0.0,0.6214126997427526
-154.808593,200,179.383402,0.0,0.8569464258883369
-136.807024,200,179.497975,0.0,0.8087756379631563
-128.748449,200,179.612523,0.0,0.7531864413613008
-89.263313,200,179.729713,0.0,0.4441086319446639
-74.477088,200,180.19502,0.0,0.3853764089014933
-6.060443,22,180.213021,1.0,0.04985328219129436
-144.859545,200,180.36605,0.0,0.8374272743358628
-100.728205,200,180.486801,0.0,0.5358280186292514
-125.377819,200,180.601393,0.0,0.7278034725606639
-117.402769,200,180.713884,0.0,0.659608145051491
-90.758572,200,180.831351,0.0,0.5141112286649226
-118.023032,200,180.947387,0.0,0.6574976526743649
-121.786436,200,181.062906,0.0,0.7033965697219962
-104.510195,200,181.178379,0.0,0.5403392965429674
-26.975387,50,181.20738,1.0,0.04731064948478662
-167.66787,200,181.324929,0.0,0.9614041760308106
-80.71957,200,181.726546,0.0,0.39705616167085483
-20.590423,45,181.755056,1.0,0.04357376384863526
-9.942994,28,181.772055,1.0,0.024600305628666143
-100.19125,200,181.896572,0.0,0.5524803924140392
-0.653909,4,181.899573,1.0,0.04004123301125463
-107.499131,200,182.016101,0.0,0.613406502149476
-133.702841,200,182.133659,0.0,0.7505156702851926
-8.062097,25,182.149171,1.0,0.03592003155900744
-52.028134,200,182.267688,0.0,0.18091950565530582
-104.175512,200,182.382183,0.0,0.5871338214213614
-46.497217,200,182.498651,0.0,0.1792298686357094
-5.668162,17,182.510651,1.0,0.01998261743375015
-166.377758,200,182.629178,0.0,0.9112500252064076
-60.005456,200,182.754262,0.0,0.282294082550396
-90.076062,200,182.880413,0.0,0.4851470233201499
-6.601377,20,183.227064,1.0,0.03878885595094178
-114.881171,200,183.365096,0.0,0.6828040318440091
-62.707753,200,183.48964,0.0,0.31675011280308596
-97.238098,200,183.607983,0.0,0.5018129350445368
-142.29048,200,183.724515,0.0,0.8105254672138485
-110.969713,200,183.838071,0.0,0.647836401288995
-50.928896,200,183.955078,0.0,0.16398964517991158
-6.479127,29,183.973078,1.0,0.0460440625200291
-2.241638,12,183.981075,1.0,0.02062895826442533
-114.199634,200,184.092643,0.0,0.6644966286288512
-13.017019,41,184.116971,1.0,0.044731969455298747
-91.819249,200,184.233132,0.0,0.48522487527617303
-109.870765,200,184.343672,0.0,0.6350878127371954
-115.605871,200,184.767314,0.0,0.62125901817187
-77.481313,200,184.905823,0.0,0.38241771239725686
-58.56979,200,185.027353,0.0,0.29413484673837254
-90.660354,200,185.14324,0.0,0.5073171906169887
-131.475267,200,185.259293,0.0,0.7680161803079932
-103.318702,200,185.391846,0.0,0.5882567115132532
-14.996199,32,185.412847,1.0,0.041633891919097235
-164.241901,200,185.545852,0.0,0.9571319096632814
-13.222317,39,185.571849,1.0,0.04966623576967141
-11.810642,36,185.594865,1.0,0.013021789171654913
-125.10567,200,185.707979,0.0,0.7551735390523907
-9.846414,27,185.724977,1.0,0.011274781613754522
-155.373045,200,185.843568,0.0,0.8705060570359131
-5.93537,17,185.854637,1.0,0.046395286385776224
-81.948754,200,185.96981,0.0,0.38773980512210243
-120.504962,200,186.391932,0.0,0.7194089383914011
-93.435717,200,186.519446,0.0,0.48634293434637305
-96.184089,200,186.636872,0.0,0.5841403574840026
-8.732065,25,186.652387,1.0,0.04454986162294121
-4.894025,33,186.672393,1.0,0.043852593068782066
-82.877899,200,186.787912,0.0,0.3942055430080097
-141.32582,200,186.903321,0.0,0.7980627490701905
-137.394211,200,187.017874,0.0,0.7958990506967953
-12.250403,28,187.035883,1.0,0.04842635838030186
-103.364184,200,187.153933,0.0,0.5030196695980574
-41.870853,200,187.266467,0.0,0.13489635675338463
-6.006496,27,187.282465,1.0,0.04326644608302116
-57.831215,200,187.392999,0.0,0.24684505084905375
-12.720683,39,187.415984,1.0,0.02492342716413191
-7.005907,26,187.43099,1.0,0.03404458564962153
-96.052756,200,187.836059,0.0,0.5079328851413368
-82.886273,200,187.980086,0.0,0.35684352699607913
-111.849894,200,188.111655,0.0,0.6177485521090457
-9.137539,32,188.133702,1.0,0.03368555125564369
-97.309438,200,188.261832,0.0,0.5492106436330308
-97.502786,200,188.383345,0.0,0.5553675223703571
-96.137007,200,188.507205,0.0,0.48879902234631056
-73.139746,200,188.62657,0.0,0.3765061436085729
-123.038704,200,188.743759,0.0,0.7069715333259314
-104.534275,200,188.858836,0.0,0.5917007027090019
-0.342141,3,188.860836,1.0,0.03140229485508403
-5.284962,30,188.877833,1.0,0.049956722856301906
-8.935784,29,188.893833,1.0,0.0466273763720647
-72.44349,200,189.00639,0.0,0.368749584133059
-115.555693,200,189.414662,0.0,0.7214832138438596
-100.183205,200,189.547711,0.0,0.5862106465460094
-173.628078,200,189.667098,0.0,0.9656658685550524
-4.908879,26,189.684095,1.0,0.04474570637403655
-3.729264,18,189.695117,1.0,0.04832438233562848
-20.113159,35,189.716095,1.0,0.03489921628845281
-32.67106,55,189.748617,1.0,0.04253144130419979
-2.43305,11,189.75562,1.0,0.04576090611429285
-83.226618,200,189.87217,0.0,0.346249266460194
-8.343739,34,189.893142,1.0,0.04149475079137002
-153.900257,200,190.002661,0.0,0.8956070983847876
-54.047337,200,190.119195,0.0,0.23161955371590612
-117.240571,200,190.233709,0.0,0.6517081899736493
-59.130604,200,190.349773,0.0,0.13653488832196636
-140.443476,200,190.461264,0.0,0.8150438487036931
-157.677803,200,190.882833,0.0,0.9088699076710458
-77.484498,200,191.046182,0.0,0.3590850202520478
-66.448766,200,191.177213,0.0,0.2824999284211244
-10.744329,24,191.193213,1.0,0.045068545075411984
-90.183752,200,191.314932,0.0,0.492523680514384
-68.140832,200,191.434461,0.0,0.3079301955879129
-131.364623,200,191.552085,0.0,0.7882210596078746
-50.326668,200,191.667606,0.0,0.21736699423319855
-85.840452,200,191.781136,0.0,0.44007679478980133
-0.614041,4,191.784133,1.0,0.02653277404290638
-79.658687,200,191.899655,0.0,0.20275576098543288
-98.200395,200,192.014174,0.0,0.4548610295472136
-15.823522,39,192.03819,1.0,0.04523290371019363
-98.831674,200,192.449397,0.0,0.6129724280553033
-115.510685,200,192.586914,0.0,0.715783718590698
-102.556889,200,192.709428,0.0,0.6033083078975783
-88.700693,200,192.824997,0.0,0.41154737863743895
-120.230646,200,192.940373,0.0,0.7419880946713457
-90.09337,200,193.058369,0.0,0.5319408149174036
-15.173035,38,193.079366,1.0,0.04540140448232958
-79.332689,200,193.189949,0.0,0.41459160607398765
-32.398739,59,193.22495,1.0,0.03976205800056084
-78.878251,200,193.339469,0.0,0.35760890546172447
-123.142433,200,193.453491,0.0,0.7240070239040347
-140.914672,200,193.574938,0.0,0.7898701284764256
-110.102635,200,194.059571,0.0,0.5934248780274924
-143.131439,200,194.20146,0.0,0.8953780368350414
-73.407472,200,194.32167,0.0,0.37919379504212947
-137.314995,200,194.438187,0.0,0.7999680117692253
-0.402931,3,194.441207,1.0,0.02724619253560293
-163.655919,200,194.554267,0.0,0.9848686465196498
-17.81008,34,194.575293,1.0,0.04852925186175364
-141.990667,200,194.692808,0.0,0.8612086045322368
-13.14545,54,194.724805,1.0,0.04478911453575294
-68.909001,200,194.840339,0.0,0.2424396414188154
-166.832388,200,194.95534,0.0,0.9859646313545445
-2.999338,19,194.966342,1.0,0.04434406153346634
-60.163736,200,195.079191,0.0,0.2837434169655583
-94.786365,200,195.192435,0.0,0.4631451386850501
-126.740899,200,195.615172,0.0,0.7766763660802848
-81.092819,200,195.738693,0.0,0.45169939659289937
-141.031079,200,195.856757,0.0,0.8682425672253892
-79.058705,200,195.974302,0.0,0.4164390514579143
-10.715871,26,195.990305,1.0,0.04022858093589943
-13.030809,42,196.015305,1.0,0.04006940278446908
-13.33214,22,196.028323,1.0,0.02998589450004409
-26.358322,49,196.06182,1.0,0.04411544158094114
-4.850254,18,196.073829,1.0,0.049535676640115676
-74.333712,200,196.184325,0.0,0.36649269761788694
-93.980057,200,196.298827,0.0,0.5680914456679642
-6.843027,17,196.308827,1.0,0.04462435627568646
-72.362071,200,196.432238,0.0,0.3485710487575621
-6.753066,30,196.45179,1.0,0.03182729519399433
-122.208034,200,196.579243,0.0,0.8519397337260984
-113.960945,200,196.700766,0.0,0.6519356475694407
-33.447218,57,196.734761,1.0,0.035678533209951756
-147.187745,200,197.199223,0.0,0.8565736316922894
-147.030092,200,197.321734,0.0,0.884365672954565
-109.464506,200,197.43927,0.0,0.660732525351731
-95.42513,200,197.552333,0.0,0.5503390101582492
-131.76795,200,197.66788,0.0,0.7799260755705616
-58.841084,200,197.784331,0.0,0.24283905630032251
-143.86934,200,197.901891,0.0,0.8702967876857568
-18.823355,34,197.919887,1.0,0.03623685475357453
-58.047228,200,198.032472,0.0,0.22626735879221374
-0.181037,2,198.034454,1.0,0.0338979746686643
-117.399253,200,198.15051,0.0,0.6598814980517443
-126.897764,200,198.263038,0.0,0.7746477620737205
-79.81932,200,198.694699,0.0,0.42634496996269516
-91.256659,200,198.825221,0.0,0.5268921104001851
-6.182569,24,198.840226,1.0,0.045699478662996756
-9.043989,33,198.859735,1.0,0.03545998317505872
-117.8008,200,198.976281,0.0,0.7306728267416234
-6.243893,28,198.994277,1.0,0.047626151710020936
-80.585347,200,199.117301,0.0,0.43213232713214367
-88.214664,200,199.247837,0.0,0.5115661647815964
-9.812212,34,199.269977,1.0,0.01877465080694368
-61.701228,200,199.392478,0.0,0.2392887438266127
-62.238237,200,199.514405,0.0,0.2951217519836393
-5.045997,13,199.523311,1.0,0.022209729405980122
-82.736925,200,199.637819,0.0,0.363803638675641
-17.532103,40,199.66237,1.0,0.0476296172399039
-5.720308,24,199.676955,1.0,0.03304199322306678
-59.126755,200,199.794528,0.0,0.25917989781565914
-99.843371,200,200.21358,0.0,0.5963480849563239
-113.832504,200,200.351649,0.0,0.6693425148414021
-100.307384,200,200.469182,0.0,0.4970925314103685
-121.885709,200,200.582569,0.0,0.7235161949515249
-143.295033,200,200.698122,0.0,0.791659778242747
-78.790183,200,200.81563,0.0,0.3965884119570562
-89.190678,200,200.928174,0.0,0.49729415474993477
-69.722273,200,201.04176,0.0,0.36029880906286954
-109.991754,200,201.154798,0.0,0.6632462532208111
-104.458893,200,201.26732,0.0,0.6403917329882651
-10.440028,34,201.28732,1.0,0.04939086445179337
-107.168178,200,201.716095,0.0,0.627187472787684
-2.274294,8,201.723096,1.0,0.022177915379637533
-3.763281,23,201.7441,1.0,0.04690879287576669
-100.382313,200,201.893128,0.0,0.566516473917553
-103.101397,200,202.023664,0.0,0.6205229431225213
-12.633067,34,202.046675,1.0,0.03914742760187053
-69.034262,200,202.169721,0.0,0.35090257779986184
-86.755357,200,202.292072,0.0,0.47235333869285806
-89.260922,200,202.411032,0.0,0.48825814463526557
-105.542277,200,202.528125,0.0,0.6034523784562698
-147.998562,200,202.644649,0.0,0.859926450945509
-79.080265,200,202.761713,0.0,0.3511587620581619
-145.023022,200,202.878194,0.0,0.8537135811210286
-109.779122,200,203.317091,0.0,0.6398496487023171
-156.908745,200,203.443619,0.0,0.8873944848706595
-83.153638,200,203.561625,0.0,0.3601885005706073
-5.09517,16,203.570633,1.0,0.04107498640686591
-5.544272,18,203.582625,1.0,0.048613269814321826
-9.587795,36,203.604625,1.0,0.04800978319353077
-151.04039,200,203.721979,0.0,0.8889305763445793
-100.463145,200,203.834532,0.0,0.5324611221549076
-133.815919,200,203.947109,0.0,0.8406663338700077
-101.528866,200,204.064149,0.0,0.6502990845791041
-89.675487,200,204.179636,0.0,0.5024422369819345
-3.346904,14,204.188637,1.0,0.04038743375433893
-72.604399,200,204.303153,0.0,0.2683575921218072
-62.904204,200,204.417619,0.0,0.25270455383031604
-1.375958,6,204.422617,1.0,0.04856054082133462
-29.585245,49,204.782513,1.0,0.035163098409147824
-2.844257,14,204.795514,1.0,0.015322438927059928
-74.990987,200,204.941057,0.0,0.3019782382407439
-4.488227,13,204.952058,1.0,0.028711305713062362
-69.49887,200,205.078211,0.0,0.27429173867551354
-88.163072,200,205.197345,0.0,0.5045639423522258
-7.790191,16,205.208367,1.0,0.03574346445176087
-18.048859,27,205.225344,1.0,0.04590711655439979
-99.250116,200,205.340409,0.0,0.5047522669132619
-94.821049,200,205.455406,0.0,0.4818041246512263
-148.852296,200,205.573968,0.0,0.8833727773053834
-4.328212,25,205.587961,1.0,0.03942292503671105
-121.216335,200,205.702142,0.0,0.693112626388117
-103.43302,200,205.81827,0.0,0.5885234153502463
-4.461001,27,205.83527,1.0,0.041898016060481026
-92.711387,200,205.948254,0.0,0.49235043813544144
-15.566969,37,205.970772,1.0,0.04119012799636092
-108.422055,200,206.418831,0.0,0.5226264615656196
-126.563461,200,206.548382,0.0,0.856118287224343
-15.03388,26,206.56587,1.0,0.010256973145360915
-90.376478,200,206.684424,0.0,0.4204619361290563
-106.817518,200,206.797908,0.0,0.5481386500645872
-77.847784,200,206.920446,0.0,0.39302181105114997
-144.392178,200,207.046982,0.0,0.8309455095404857
-117.093963,200,207.162021,0.0,0.7828430602487771
-142.661864,200,207.283702,0.0,0.7680021038855512
-112.874323,200,207.411086,0.0,0.6697006995511298
-111.509193,200,207.538634,0.0,0.661947375259308
-93.857055,200,208.009156,0.0,0.5367800617806603
-76.744602,200,208.157262,0.0,0.40581989442049554
-122.348371,200,208.277756,0.0,0.7126934145335864
-105.869319,200,208.391322,0.0,0.61340489647476
-7.82814,38,208.413319,1.0,0.04892442645979984
-138.645959,200,208.529867,0.0,0.853495333531797
-7.126158,32,208.548873,1.0,0.03830130136054943
-98.478353,200,208.660588,0.0,0.5615016347787825
-81.554483,200,208.778051,0.0,0.42487776646695924
-97.811995,200,208.891582,0.0,0.43809066283051157
-8.693187,32,208.910579,1.0,0.04840180567438055
-0.030296,1,208.91158,1.0,0.030154302899068605
-22.082739,40,208.935579,1.0,0.02605729291926358
-3.836187,25,208.950589,1.0,0.03753971583254327
-22.355868,42,208.976153,1.0,0.03422603068805605
-7.734127,31,208.994119,1.0,0.04932280715055491
-96.890717,200,209.109256,0.0,0.5068231686963754
-18.840272,38,209.134256,1.0,0.04478942582057174
-0.853743,5,209.137256,1.0,0.03433310502545554
-89.055388,200,209.630418,0.0,0.4388874227470769
-10.978549,38,209.654426,1.0,0.04482946612792707
-124.260652,200,209.782461,0.0,0.794752729374428
-97.45955,200,209.902004,0.0,0.5190164168120757
-120.104611,200,210.022165,0.0,0.648709341560541
-26.442344,45,210.050206,1.0,0.02950129281083763
-150.643943,200,210.179274,0.0,0.8456702802465819
-84.489679,200,210.317766,0.0,0.39905280460432435
-6.018484,32,210.337769,1.0,0.030291272819212216
-86.2158,200,210.454294,0.0,0.44202056605817336
-87.566006,200,210.572,0.0,0.47670504879022124
-1.123355,6,210.57698,1.0,0.03189632909678957
-104.299002,200,210.69266,0.0,0.5980382846166232
-71.588403,200,211.094743,0.0,0.3944797692509333
-15.624876,42,211.126744,1.0,0.03746110741925016
-81.948172,200,211.264785,0.0,0.44091330979014715
-129.677562,200,211.387133,0.0,0.81031008347235
-94.842098,200,211.505644,0.0,0.54711398415323
-0.214955,2,211.507646,1.0,0.04494178093641881
-87.425516,200,211.620125,0.0,0.46997758398226713
-100.518461,200,211.735668,0.0,0.6698109561392318
-61.03049,200,211.85015,0.0,0.28125869886328797
-2.965287,18,211.860668,1.0,0.045726102736123486
-37.818109,101,211.919647,1.0,0.04252110626976167
-97.5986,200,212.031721,0.0,0.5036505360763924
-142.057773,200,212.143283,0.0,0.8326225914170284
-93.549931,200,212.260325,0.0,0.46789249417161677
-85.695506,200,212.669402,0.0,0.38006596432303613
-165.414067,200,212.810059,0.0,0.9372568065161596
-119.615092,200,212.941483,0.0,0.7517170450144559
-63.525232,200,213.067576,0.0,0.23863540084355372
-22.104903,47,213.097542,1.0,0.03429302445648374
-25.319057,47,213.12654,1.0,0.04651732256282659
-83.791389,200,213.243508,0.0,0.46405836202394096
-126.868394,200,213.363225,0.0,0.8480891067816061
-17.187394,37,213.38525,1.0,0.04339156875079039
-131.375657,200,213.502464,0.0,0.7947432590203434
-83.584064,200,213.615,0.0,0.468357055705014
-70.321376,200,213.733474,0.0,0.37538636118937224
-85.348471,200,214.144016,0.0,0.4791630293813959
-138.604025,200,214.291041,0.0,0.8594180885975237
-8.234136,31,214.317035,1.0,0.041327674208733865
-84.594524,200,214.441562,0.0,0.4474631094333869
-129.088998,200,214.558587,0.0,0.769819641879689
-100.057309,200,214.672146,0.0,0.5867377748949307
-64.469897,200,214.787688,0.0,0.3216637279863965
-0.130695,2,214.789713,1.0,0.020584023577315588
-2.808344,19,214.801688,1.0,0.045947432225359186
-54.937428,200,214.915978,0.0,0.1893932017161546
-96.060339,200,215.032494,0.0,0.521807715420241
-2.368659,9,215.038491,1.0,0.039534413228723
-43.352214,200,215.151043,0.0,0.12673910956735374
-130.370223,200,215.264154,0.0,0.6873393275259704
-106.689814,200,215.71155,0.0,0.5954587060327747
-9.310771,27,215.73255,1.0,0.04559941822775596
-83.627124,200,215.895587,0.0,0.4032505512413536
-69.202668,200,216.012105,0.0,0.3450521118285755
-76.923758,200,216.130917,0.0,0.3923649771775718
-98.446547,200,216.249632,0.0,0.49869945308249763
-131.39217,200,216.366684,0.0,0.6675635631153481
-83.704962,200,216.4822,0.0,0.4296042171785651
-47.86226,200,216.597719,0.0,0.16591727333211997
-87.408265,200,216.715227,0.0,0.5108200775780248
-11.282845,49,216.745233,1.0,0.049030257644707635
-127.040954,200,216.859188,0.0,0.6777070043115577
-103.915173,200,217.2823,0.0,0.5201129891490653
-9.202527,20,217.296326,1.0,0.039592797836779534
-109.314043,200,217.441814,0.0,0.6272786873292454
-72.613915,200,217.561823,0.0,0.31216854997598675
-21.114433,41,217.584822,1.0,0.0394505122925084
-104.251239,200,217.700336,0.0,0.4780198600482878
-169.441886,200,217.814863,0.0,0.9800959044214592
-66.967036,200,217.931393,0.0,0.34545149879374637
-61.942619,200,218.046922,0.0,0.17569363376861297
-101.990567,200,218.163949,0.0,0.5490328511980346
-14.864427,32,218.183947,1.0,0.035950926768822375
-17.078525,40,218.207371,1.0,0.03352068783000955
-81.527602,200,218.325983,0.0,0.45024907147012855
-126.840609,200,218.45251,0.0,0.8320938163844321
-87.295525,200,218.951429,0.0,0.4833058257070736
-89.037085,200,219.097017,0.0,0.5227352633023618
-146.071927,200,219.214569,0.0,0.8079121612711607
-154.406512,200,219.331079,0.0,0.8207581421043211
-33.857517,200,219.443607,0.0,0.09981171540024797
-85.912135,200,219.561328,0.0,0.4637422952346491
-89.851696,200,219.675649,0.0,0.45874349446948803
-68.497479,200,219.789192,0.0,0.27332146027929827
-0.139127,2,219.791192,1.0,0.044192346453810954
-166.304685,200,219.906154,0.0,0.8991143410931147
-115.772185,200,220.022673,0.0,0.6138109296443837
-147.369617,200,220.430057,0.0,0.8103186578349652
-107.854043,200,220.569012,0.0,0.5513731330708173
-21.589593,30,220.588006,1.0,0.043251000829339484
-12.398676,30,220.607004,1.0,0.04982123730653979
-118.794125,200,220.724593,0.0,0.7010816291448354
-131.908541,200,220.841111,0.0,0.7735097254220905
-140.928928,200,220.956586,0.0,0.7966617030977965
-110.458077,200,221.088629,0.0,0.5593644960757685
-117.643895,200,221.22021,0.0,0.6301639284358305
-94.404572,200,221.346763,0.0,0.5415669220554313
-0.74024,4,221.350764,1.0,0.03521623078315814
-125.37918,200,221.471491,0.0,0.7627033171490248
-59.892216,200,221.590255,0.0,0.2954055746350612
-121.938957,200,222.02877,0.0,0.6527827700294206
-157.48987,200,222.16483,0.0,0.8092880921459416
-80.384983,200,222.285089,0.0,0.3818135432452313
-116.584992,200,222.402342,0.0,0.6447781481947835
-137.883104,200,222.526863,0.0,0.7850551665823756
-46.116778,200,222.644389,0.0,0.14694153368771934
-116.005362,200,222.760436,0.0,0.7297689603619751
-140.272293,200,222.876975,0.0,0.7696357683742985
-150.057953,200,222.993492,0.0,0.7887597366448635
-118.442154,200,223.111021,0.0,0.6194892593802924
-5.176083,27,223.127021,1.0,0.026641085061215226
-93.88673,200,223.53148,0.0,0.433510272082459
-89.607161,200,223.669002,0.0,0.47704434288645164
-5.286914,21,223.682002,1.0,0.02745928593068829
-145.078323,200,223.803531,0.0,0.8427066285374711
-22.382812,69,223.846536,1.0,0.04973966484899415
-72.669261,200,223.976552,0.0,0.29584777303333176
-12.065076,33,224.001522,1.0,0.034652487286135424
-79.668733,200,224.13599,0.0,0.3685237854661756
-105.022456,200,224.254039,0.0,0.6257413946983246
-3.382432,23,224.269187,1.0,0.035599979296691495
-26.906809,76,224.316711,1.0,0.04319966271631168
-18.166136,38,224.33971,1.0,0.021679086795949744
-100.861285,200,224.462665,0.0,0.49955001465253296
-0.184656,2,224.464673,1.0,0.041307611697580605
-12.523381,30,224.483666,1.0,0.026020297123356944
-52.802094,200,224.599153,0.0,0.20044896588379574
-146.911106,200,224.711712,0.0,0.775680989893613
-96.212234,200,225.15768,0.0,0.5128620885876178
-117.550454,200,225.28975,0.0,0.7506561879483118
-8.345981,29,225.307722,1.0,0.02924688275608329
-10.904312,39,225.33176,1.0,0.04707176878772312
-0.544131,7,225.33674,1.0,0.048642922693624115
-17.587034,30,225.354732,1.0,0.04550573741709333
-51.726379,200,225.476718,0.0,0.20416190773884943
-118.42769,200,225.593179,0.0,0.687984221241415
-90.36347,200,225.705274,0.0,0.44027126659985
-113.980049,200,225.822793,0.0,0.6357374573562758
-2.170462,9,225.828793,1.0,0.012825830802525735
-79.014033,200,225.947317,0.0,0.3612616061062266
-4.028231,21,225.960822,1.0,0.03342331590526103
-89.167961,200,226.073377,0.0,0.4157142001356069
-156.520015,200,226.187916,0.0,0.8928315601745797
-9.350894,36,226.209913,1.0,0.0488371310419307
-104.745307,200,226.652825,0.0,0.5713782313294166
-109.452762,200,226.787813,0.0,0.6052839806060266
-72.892426,200,226.915338,0.0,0.3971953687101642
-22.091605,45,226.941339,1.0,0.047695727106261195
-78.655474,200,227.063215,0.0,0.34186219058209183
-71.289356,200,227.182627,0.0,0.33277260620288035
-88.659019,200,227.297701,0.0,0.41420487110746423
-14.059056,29,227.315702,1.0,0.042669963092922134
-79.684217,200,227.429287,0.0,0.3986993699591926
-4.944388,28,227.446276,1.0,0.04810590387531499
-150.505899,200,227.56434,0.0,0.8534663460525427
-70.779003,200,227.679837,0.0,0.3400767924275812
-27.023352,52,227.71084,1.0,0.04539200597321754
-3.366778,18,227.721853,1.0,0.04920206636414417
-79.753826,200,227.839325,0.0,0.42851438512378837
