exp_id,train_seed,eval_seed_base,d0_bin,success_rate,mean_final_distance,mean_return,mean_ep_len,mean_tau_l1,mean_pi_value,mean_filter_intervention_rate,mean_filter_delta_tau_norm,mean_d0,episodes_in_bin,control,use_pi_reward,pi_metric,alpha_pi,safety_filter
ctrl-direct__pi-0-tau_l1-a0.0005__sf-none-dt2-qm0.15__tau20-lama0.001__a2-m0.02-md0.07-phi-1.5708_1.5708__h200,0,1000,"[0.087,0.642)",0.5151515151515151,0.32542355334848083,-58.668816335393586,147.12121212121212,0.0,0.0,0.0,0.0,0.4537252305637389,66,direct,0,tau_l1,0.0,none
ctrl-direct__pi-0-tau_l1-a0.0005__sf-none-dt2-qm0.15__tau20-lama0.001__a2-m0.02-md0.07-phi-1.5708_1.5708__h200,1,1000,"[0.087,0.642)",0.5454545454545454,0.2900338867227276,-48.462115320289605,129.37878787878788,0.0,0.0,0.0,0.0,0.4537252305637389,66,direct,0,tau_l1,0.0,none
ctrl-direct__pi-0-tau_l1-a0.0005__sf-none-dt2-qm0.15__tau20-lama0.001__a2-m0.02-md0.07-phi-1.5708_1.5708__h200,2,1000,"[0.087,0.642)",0.4696969696969697,0.21244781784086608,-52.20820795204662,128.43939393939394,0.0,0.0,0.0,0.0,0.4537252305637389,66,direct,0,tau_l1,0.0,none
ctrl-direct__pi-0-tau_l1-a0.0005__sf-none-dt2-qm0.15__tau20-lama0.001__a2-m0.02-md0.07-phi-1.5708_1.5708__h200,3,1000,"[0.087,0.642)",0.6666666666666666,0.22431431478973252,-45.07535920363277,106.72727272727273,0.0,0.0,0.0,0.0,0.4537252305637389,66,direct,0,tau_l1,0.0,none
ctrl-direct__pi-0-tau_l1-a0.0005__sf-none-dt2-qm0.15__tau20-lama0.001__a2-m0.02-md0.07-phi-1.5708_1.5708__h200,4,1000,"[0.087,0.642)",0.24242424242424243,0.375022357721246,-77.56495034214082,159.57575757575756,0.0,0.0,0.0,0.0,0.4537252305637389,66,direct,0,tau_l1,0.0,none
ctrl-direct__pi-0-tau_l1-a0.0005__sf-none-dt2-qm0.15__tau20-lama0.001__a2-m0.02-md0.07-phi-1.5708_1.5708__h200,0,1000,"[0.642,0.924)",0.4696969696969697,0.2703723232895425,-69.81061479465097,137.8030303030303,0.0,0.0,0.0,0.0,0.7906963271951564,66,direct,0,tau_l1,0.0,none
ctrl-direct__pi-0-tau_l1-a0.0005__sf-none-dt2-qm0.15__tau20-lama0.001__a2-m0.02-md0.07-phi-1.5708_1.5708__h200,1,1000,"[0.642,0.924)",0.6363636363636364,0.19403769822241676,-65.37688783051264,132.5151515151515,0.0,0.0,0.0,0.0,0.7906963271951564,66,direct,0,tau_l1,0.0,none
ctrl-direct__pi-0-tau_l1-a0.0005__sf-none-dt2-qm0.15__tau20-lama0.001__a2-m0.02-md0.07-phi-1.5708_1.5708__h200,2,1000,"[0.642,0.924)",0.3787878787878788,0.4074569909346705,-76.00586958291704,151.42424242424244,0.0,0.0,0.0,0.0,0.7906963271951564,66,direct,0,tau_l1,0.0,none
ctrl-direct__pi-0-tau_l1-a0.0005__sf-none-dt2-qm0.15__tau20-lama0.001__a2-m0.02-md0.07-phi-1.5708_1.5708__h200,3,1000,"[0.642,0.924)",0.5151515151515151,0.29106050157468905,-68.45339798921185,142.95454545454547,0.0,0.0,0.0,0.0,0.7906963271951564,66,direct,0,tau_l1,0.0,none
ctrl-direct__pi-0-tau_l1-a0.0005__sf-none-dt2-qm0.15__tau20-lama0.001__a2-m0.02-md0.07-phi-1.5708_1.5708__h200,4,1000,"[0.642,0.924)",0.3181818181818182,0.49754272598605465,-88.61875331282295,152.65151515151516,0.0,0.0,0.0,0.0,0.7906963271951564,66,direct,0,tau_l1,0.0,none
ctrl-direct__pi-0-tau_l1-a0.0005__sf-none-dt2-qm0.15__tau20-lama0.001__a2-m0.02-md0.07-phi-1.5708_1.5708__h200,0,1000,"[0.924,1.367]",0.3235294117647059,0.4878974122251769,-99.48425451414184,177.3235294117647,0.0,0.0,0.0,0.0,1.0991447869486801,68,direct,0,tau_l1,0.0,none
ctrl-direct__pi-0-tau_l1-a0.0005__sf-none-dt2-qm0.15__tau20-lama0.001__a2-m0.02-md0.07-phi-1.5708_1.5708__h200,1,1000,"[0.924,1.367]",0.39705882352941174,0.41514437808603993,-91.90381164028256,164.16176470588235,0.0,0.0,0.0,0.0,1.0991447869486801,68,direct,0,tau_l1,0.0,none
ctrl-direct__pi-0-tau_l1-a0.0005__sf-none-dt2-qm0.15__tau20-lama0.001__a2-m0.02-md0.07-phi-1.5708_1.5708__h200,2,1000,"[0.924,1.367]",0.5588235294117647,0.30195056475998855,-83.0265251550015,148.7941176470588,0.0,0.0,0.0,0.0,1.0991447869486801,68,direct,0,tau_l1,0.0,none
ctrl-direct__pi-0-tau_l1-a0.0005__sf-none-dt2-qm0.15__tau20-lama0.001__a2-m0.02-md0.07-phi-1.5708_1.5708__h200,3,1000,"[0.924,1.367]",0.27941176470588236,0.44193585116065126,-93.03144945759979,172.7941176470588,0.0,0.0,0.0,0.0,1.0991447869486801,68,direct,0,tau_l1,0.0,none
ctrl-direct__pi-0-tau_l1-a0.0005__sf-none-dt2-qm0.15__tau20-lama0.001__a2-m0.02-md0.07-phi-1.5708_1.5708__h200,4,1000,"[0.924,1.367]",0.04411764705882353,0.7132641929920233,-139.1949919548874,196.27941176470588,0.0,0.0,0.0,0.0,1.0991447869486801,68,direct,0,tau_l1,0.0,none
ctrl-direct__pi-0-tau_l1-a0.0005__sf-proj_box_jointlimit-dt2-qm0.15__tau20-lama0.001__a2-m0.02-md0.07-phi-1.5708_1.5708__h200,0,1000,"[0.087,0.642)",0.15151515151515152,0.5995875133168383,-108.9140565280857,172.5909090909091,0.0,0.0,0.6558333333333333,1.1475880250876602,0.4537252305637389,66,direct,0,tau_l1,0.0,proj_box_jointlimit
ctrl-direct__pi-0-tau_l1-a0.0005__sf-proj_box_jointlimit-dt2-qm0.15__tau20-lama0.001__a2-m0.02-md0.07-phi-1.5708_1.5708__h200,1,1000,"[0.087,0.642)",0.5606060606060606,0.27195341483782975,-49.747265851733076,134.25757575757575,0.0,0.0,0.022222087181980224,0.008373995264984554,0.4537252305637389,66,direct,0,tau_l1,0.0,proj_box_jointlimit
ctrl-direct__pi-0-tau_l1-a0.0005__sf-proj_box_jointlimit-dt2-qm0.15__tau20-lama0.001__a2-m0.02-md0.07-phi-1.5708_1.5708__h200,2,1000,"[0.087,0.642)",0.3181818181818182,0.4437042389906222,-79.23188293616076,157.6818181818182,0.0,0.0,0.07992424242424243,0.10284628236947385,0.4537252305637389,66,direct,0,tau_l1,0.0,proj_box_jointlimit
ctrl-direct__pi-0-tau_l1-a0.0005__sf-proj_box_jointlimit-dt2-qm0.15__tau20-lama0.001__a2-m0.02-md0.07-phi-1.5708_1.5708__h200,3,1000,"[0.087,0.642)",0.2727272727272727,0.21171075227082362,-57.901864926377,158.96969696969697,0.0,0.0,0.0027316480836922074,0.0007174623217229848,0.4537252305637389,66,direct,0,tau_l1,0.0,proj_box_jointlimit
ctrl-direct__pi-0-tau_l1-a0.0005__sf-proj_box_jointlimit-dt2-qm0.15__tau20-lama0.001__a2-m0.02-md0.07-phi-1.5708_1.5708__h200,4,1000,"[0.087,0.642)",0.3787878787878788,0.4013251211569999,-64.67624450007503,152.4848484848485,0.0,0.0,0.10182116733840871,0.10638607173630672,0.4537252305637389,66,direct,0,tau_l1,0.0,proj_box_jointlimit
ctrl-direct__pi-0-tau_l1-a0.0005__sf-proj_box_jointlimit-dt2-qm0.15__tau20-lama0.001__a2-m0.02-md0.07-phi-1.5708_1.5708__h200,0,1000,"[0.642,0.924)",0.10606060606060606,0.4982796525629539,-103.45695678589689,181.74242424242425,0.0,0.0,0.7346212121212121,1.3790787750888955,0.7906963271951564,66,direct,0,tau_l1,0.0,proj_box_jointlimit
ctrl-direct__pi-0-tau_l1-a0.0005__sf-proj_box_jointlimit-dt2-qm0.15__tau20-lama0.001__a2-m0.02-md0.07-phi-1.5708_1.5708__h200,1,1000,"[0.642,0.924)",0.5303030303030303,0.22344125925163535,-61.06344931897117,134.3030303030303,0.0,0.0,0.04136552299451795,0.01607851778110751,0.7906963271951564,66,direct,0,tau_l1,0.0,proj_box_jointlimit
ctrl-direct__pi-0-tau_l1-a0.0005__sf-proj_box_jointlimit-dt2-qm0.15__tau20-lama0.001__a2-m0.02-md0.07-phi-1.5708_1.5708__h200,2,1000,"[0.642,0.924)",0.3939393939393939,0.3988384666321637,-79.78952539146857,149.57575757575756,0.0,0.0,0.04522727272727273,0.07000201051246382,0.7906963271951564,66,direct,0,tau_l1,0.0,proj_box_jointlimit
ctrl-direct__pi-0-tau_l1-a0.0005__sf-proj_box_jointlimit-dt2-qm0.15__tau20-lama0.001__a2-m0.02-md0.07-phi-1.5708_1.5708__h200,3,1000,"[0.642,0.924)",0.3333333333333333,0.15145505197925885,-78.1184382481936,164.92424242424244,0.0,0.0,0.0061665225051598166,0.0027411913402319616,0.7906963271951564,66,direct,0,tau_l1,0.0,proj_box_jointlimit
ctrl-direct__pi-0-tau_l1-a0.0005__sf-proj_box_jointlimit-dt2-qm0.15__tau20-lama0.001__a2-m0.02-md0.07-phi-1.5708_1.5708__h200,4,1000,"[0.642,0.924)",0.42424242424242425,0.30130739228572945,-79.22063798884427,143.4090909090909,0.0,0.0,0.10902707558979984,0.11316363426997707,0.7906963271951564,66,direct,0,tau_l1,0.0,proj_box_jointlimit
ctrl-direct__pi-0-tau_l1-a0.0005__sf-proj_box_jointlimit-dt2-qm0.15__tau20-lama0.001__a2-m0.02-md0.07-phi-1.5708_1.5708__h200,0,1000,"[0.924,1.367]",0.029411764705882353,0.702710606673793,-143.1280018583545,194.8235294117647,0.0,0.0,0.7971323529411765,1.638190674786182,1.0991447869486801,68,direct,0,tau_l1,0.0,proj_box_jointlimit
ctrl-direct__pi-0-tau_l1-a0.0005__sf-proj_box_jointlimit-dt2-qm0.15__tau20-lama0.001__a2-m0.02-md0.07-phi-1.5708_1.5708__h200,1,1000,"[0.924,1.367]",0.27941176470588236,0.44719899219492787,-93.9702377732348,173.8235294117647,0.0,0.0,0.1220654314948342,0.07350267285392674,1.0991447869486801,68,direct,0,tau_l1,0.0,proj_box_jointlimit
ctrl-direct__pi-0-tau_l1-a0.0005__sf-proj_box_jointlimit-dt2-qm0.15__tau20-lama0.001__a2-m0.02-md0.07-phi-1.5708_1.5708__h200,2,1000,"[0.924,1.367]",0.22058823529411764,0.6110071983890893,-118.70333008708474,175.08823529411765,0.0,0.0,0.10220588235294117,0.1746246174961833,1.0991447869486801,68,direct,0,tau_l1,0.0,proj_box_jointlimit
ctrl-direct__pi-0-tau_l1-a0.0005__sf-proj_box_jointlimit-dt2-qm0.15__tau20-lama0.001__a2-m0.02-md0.07-phi-1.5708_1.5708__h200,3,1000,"[0.924,1.367]",0.3235294117647059,0.23956497012759592,-98.0877989421483,173.9558823529412,0.0,0.0,0.0927496659800223,0.01847897173056969,1.0991447869486801,68,direct,0,tau_l1,0.0,proj_box_jointlimit
ctrl-direct__pi-0-tau_l1-a0.0005__sf-proj_box_jointlimit-dt2-qm0.15__tau20-lama0.001__a2-m0.02-md0.07-phi-1.5708_1.5708__h200,4,1000,"[0.924,1.367]",0.2647058823529412,0.47812766749148494,-95.89180824815844,165.41176470588235,0.0,0.0,0.20169855631853048,0.2540201394894112,1.0991447869486801,68,direct,0,tau_l1,0.0,proj_box_jointlimit
ctrl-direct__pi-1-tau_l1-a0.0005__sf-none-dt2-qm0.15__tau20-lama0.001__a2-m0.02-md0.07-phi-1.5708_1.5708__h200,0,1000,"[0.087,0.642)",0.5151515151515151,0.32542355334848083,-58.668816335393586,147.12121212121212,0.0,0.0,0.0,0.0,0.4537252305637389,66,direct,1,tau_l1,0.0005,none
ctrl-direct__pi-1-tau_l1-a0.0005__sf-none-dt2-qm0.15__tau20-lama0.001__a2-m0.02-md0.07-phi-1.5708_1.5708__h200,1,1000,"[0.087,0.642)",0.5454545454545454,0.2900338867227276,-48.462115320289605,129.37878787878788,0.0,0.0,0.0,0.0,0.4537252305637389,66,direct,1,tau_l1,0.0005,none
ctrl-direct__pi-1-tau_l1-a0.0005__sf-none-dt2-qm0.15__tau20-lama0.001__a2-m0.02-md0.07-phi-1.5708_1.5708__h200,2,1000,"[0.087,0.642)",0.4696969696969697,0.21244781784086608,-52.20820795204662,128.43939393939394,0.0,0.0,0.0,0.0,0.4537252305637389,66,direct,1,tau_l1,0.0005,none
ctrl-direct__pi-1-tau_l1-a0.0005__sf-none-dt2-qm0.15__tau20-lama0.001__a2-m0.02-md0.07-phi-1.5708_1.5708__h200,3,1000,"[0.087,0.642)",0.6666666666666666,0.22431431478973252,-45.07535920363277,106.72727272727273,0.0,0.0,0.0,0.0,0.4537252305637389,66,direct,1,tau_l1,0.0005,none
ctrl-direct__pi-1-tau_l1-a0.0005__sf-none-dt2-qm0.15__tau20-lama0.001__a2-m0.02-md0.07-phi-1.5708_1.5708__h200,4,1000,"[0.087,0.642)",0.24242424242424243,0.375022357721246,-77.56495034214082,159.57575757575756,0.0,0.0,0.0,0.0,0.4537252305637389,66,direct,1,tau_l1,0.0005,none
ctrl-direct__pi-1-tau_l1-a0.0005__sf-none-dt2-qm0.15__tau20-lama0.001__a2-m0.02-md0.07-phi-1.5708_1.5708__h200,0,1000,"[0.642,0.924)",0.4696969696969697,0.2703723232895425,-69.81061479465097,137.8030303030303,0.0,0.0,0.0,0.0,0.7906963271951564,66,direct,1,tau_l1,0.0005,none
ctrl-direct__pi-1-tau_l1-a0.0005__sf-none-dt2-qm0.15__tau20-lama0.001__a2-m0.02-md0.07-phi-1.5708_1.5708__h200,1,1000,"[0.642,0.924)",0.6363636363636364,0.19403769822241676,-65.37688783051264,132.5151515151515,0.0,0.0,0.0,0.0,0.7906963271951564,66,direct,1,tau_l1,0.0005,none
ctrl-direct__pi-1-tau_l1-a0.0005__sf-none-dt2-qm0.15__tau20-lama0.001__a2-m0.02-md0.07-phi-1.5708_1.5708__h200,2,1000,"[0.642,0.924)",0.3787878787878788,0.4074569909346705,-76.00586958291704,151.42424242424244,0.0,0.0,0.0,0.0,0.7906963271951564,66,direct,1,tau_l1,0.0005,none
ctrl-direct__pi-1-tau_l1-a0.0005__sf-none-dt2-qm0.15__tau20-lama0.001__a2-m0.02-md0.07-phi-1.5708_1.5708__h200,3,1000,"[0.642,0.924)",0.5151515151515151,0.29106050157468905,-68.45339798921185,142.95454545454547,0.0,0.0,0.0,0.0,0.7906963271951564,66,direct,1,tau_l1,0.0005,none
ctrl-direct__pi-1-tau_l1-a0.0005__sf-none-dt2-qm0.15__tau20-lama0.001__a2-m0.02-md0.07-phi-1.5708_1.5708__h200,4,1000,"[0.642,0.924)",0.3181818181818182,0.49754272598605465,-88.61875331282295,152.65151515151516,0.0,0.0,0.0,0.0,0.7906963271951564,66,direct,1,tau_l1,0.0005,none
ctrl-direct__pi-1-tau_l1-a0.0005__sf-none-dt2-qm0.15__tau20-lama0.001__a2-m0.02-md0.07-phi-1.5708_1.5708__h200,0,1000,"[0.924,1.367]",0.3235294117647059,0.4878974122251769,-99.48425451414184,177.3235294117647,0.0,0.0,0.0,0.0,1.0991447869486801,68,direct,1,tau_l1,0.0005,none
ctrl-direct__pi-1-tau_l1-a0.0005__sf-none-dt2-qm0.15__tau20-lama0.001__a2-m0.02-md0.07-phi-1.5708_1.5708__h200,1,1000,"[0.924,1.367]",0.39705882352941174,0.41514437808603993,-91.90381164028256,164.16176470588235,0.0,0.0,0.0,0.0,1.0991447869486801,68,direct,1,tau_l1,0.0005,none
ctrl-direct__pi-1-tau_l1-a0.0005__sf-none-dt2-qm0.15__tau20-lama0.001__a2-m0.02-md0.07-phi-1.5708_1.5708__h200,2,1000,"[0.924,1.367]",0.5588235294117647,0.30195056475998855,-83.0265251550015,148.7941176470588,0.0,0.0,0.0,0.0,1.0991447869486801,68,direct,1,tau_l1,0.0005,none
ctrl-direct__pi-1-tau_l1-a0.0005__sf-none-dt2-qm0.15__tau20-lama0.001__a2-m0.02-md0.07-phi-1.5708_1.5708__h200,3,1000,"[0.924,1.367]",0.27941176470588236,0.44193585116065126,-93.03144945759979,172.7941176470588,0.0,0.0,0.0,0.0,1.0991447869486801,68,direct,1,tau_l1,0.0005,none
ctrl-direct__pi-1-tau_l1-a0.0005__sf-none-dt2-qm0.15__tau20-lama0.001__a2-m0.02-md0.07-phi-1.5708_1.5708__h200,4,1000,"[0.924,1.367]",0.04411764705882353,0.7132641929920233,-139.1949919548874,196.27941176470588,0.0,0.0,0.0,0.0,1.0991447869486801,68,direct,1,tau_l1,0.0005,none
ctrl-residual__pi-0-tau_l1-a0.0005__sf-none-dt2-qm0.15__pd-kp10-kd1-elauto__tau20-lama0.001__a2-m0.02-md0.07-phi-1.5708_1.5708__h200,0,1000,"[0.087,0.642)",0.8636363636363636,0.05970412733207794,-9.82841433256967,52.10606060606061,0.0,0.0,0.0,0.0,0.4537252305637389,66,residual,0,tau_l1,0.0,none
ctrl-residual__pi-0-tau_l1-a0.0005__sf-none-dt2-qm0.15__pd-kp10-kd1-elauto__tau20-lama0.001__a2-m0.02-md0.07-phi-1.5708_1.5708__h200,1,1000,"[0.087,0.642)",0.8636363636363636,0.06219509495752183,-10.714021564650055,55.21212121212121,0.0,0.0,0.0,0.0,0.4537252305637389,66,residual,0,tau_l1,0.0,none
ctrl-residual__pi-0-tau_l1-a0.0005__sf-none-dt2-qm0.15__pd-kp10-kd1-elauto__tau20-lama0.001__a2-m0.02-md0.07-phi-1.5708_1.5708__h200,2,1000,"[0.087,0.642)",0.8181818181818182,0.06351076197978342,-10.63970376334875,60.03030303030303,0.0,0.0,0.0,0.0,0.4537252305637389,66,residual,0,tau_l1,0.0,none
ctrl-residual__pi-0-tau_l1-a0.0005__sf-none-dt2-qm0.15__pd-kp10-kd1-elauto__tau20-lama0.001__a2-m0.02-md0.07-phi-1.5708_1.5708__h200,3,1000,"[0.087,0.642)",1.0,0.046134313438471984,-7.131648660839879,30.818181818181817,0.0,0.0,0.0,0.0,0.4537252305637389,66,residual,0,tau_l1,0.0,none
ctrl-residual__pi-0-tau_l1-a0.0005__sf-none-dt2-qm0.15__pd-kp10-kd1-elauto__tau20-lama0.001__a2-m0.02-md0.07-phi-1.5708_1.5708__h200,4,1000,"[0.087,0.642)",0.8636363636363636,0.05774125066728128,-9.838557635734936,54.22727272727273,0.0,0.0,0.0,0.0,0.4537252305637389,66,residual,0,tau_l1,0.0,none
ctrl-residual__pi-0-tau_l1-a0.0005__sf-none-dt2-qm0.15__pd-kp10-kd1-elauto__tau20-lama0.001__a2-m0.02-md0.07-phi-1.5708_1.5708__h200,0,1000,"[0.642,0.924)",0.9696969696969697,0.04815326231104997,-14.00653519941441,40.04545454545455,0.0,0.0,0.0,0.0,0.7906963271951564,66,residual,0,tau_l1,0.0,none
ctrl-residual__pi-0-tau_l1-a0.0005__sf-none-dt2-qm0.15__pd-kp10-kd1-elauto__tau20-lama0.001__a2-m0.02-md0.07-phi-1.5708_1.5708__h200,1,1000,"[0.642,0.924)",0.9545454545454546,0.05206328714522214,-15.506972535528876,45.75757575757576,0.0,0.0,0.0,0.0,0.7906963271951564,66,residual,0,tau_l1,0.0,none
ctrl-residual__pi-0-tau_l1-a0.0005__sf-none-dt2-qm0.15__pd-kp10-kd1-elauto__tau20-lama0.001__a2-m0.02-md0.07-phi-1.5708_1.5708__h200,2,1000,"[0.642,0.924)",0.9545454545454546,0.050010766959041573,-14.194821942040955,42.36363636363637,0.0,0.0,0.0,0.0,0.7906963271951564,66,residual,0,tau_l1,0.0,none
ctrl-residual__pi-0-tau_l1-a0.0005__sf-none-dt2-qm0.15__pd-kp10-kd1-elauto__tau20-lama0.001__a2-m0.02-md0.07-phi-1.5708_1.5708__h200,3,1000,"[0.642,0.924)",1.0,0.04381044052954073,-13.804128063332833,37.40909090909091,0.0,0.0,0.0,0.0,0.7906963271951564,66,residual,0,tau_l1,0.0,none
ctrl-residual__pi-0-tau_l1-a0.0005__sf-none-dt2-qm0.15__pd-kp10-kd1-elauto__tau20-lama0.001__a2-m0.02-md0.07-phi-1.5708_1.5708__h200,4,1000,"[0.642,0.924)",1.0,0.04346280188277685,-13.476470126086312,36.22727272727273,0.0,0.0,0.0,0.0,0.7906963271951564,66,residual,0,tau_l1,0.0,none
ctrl-residual__pi-0-tau_l1-a0.0005__sf-none-dt2-qm0.15__pd-kp10-kd1-elauto__tau20-lama0.001__a2-m0.02-md0.07-phi-1.5708_1.5708__h200,0,1000,"[0.924,1.367]",1.0,0.04135379041674062,-16.473632263351305,30.808823529411764,0.0,0.0,0.0,0.0,1.0991447869486801,68,residual,0,tau_l1,0.0,none
ctrl-residual__pi-0-tau_l1-a0.0005__sf-none-dt2-qm0.15__pd-kp10-kd1-elauto__tau20-lama0.001__a2-m0.02-md0.07-phi-1.5708_1.5708__h200,1,1000,"[0.924,1.367]",1.0,0.03864993643390321,-18.06764446886989,34.0,0.0,0.0,0.0,0.0,1.0991447869486801,68,residual,0,tau_l1,0.0,none
ctrl-residual__pi-0-tau_l1-a0.0005__sf-none-dt2-qm0.15__pd-kp10-kd1-elauto__tau20-lama0.001__a2-m0.02-md0.07-phi-1.5708_1.5708__h200,2,1000,"[0.924,1.367]",0.9852941176470589,0.038296192681401754,-17.08422413776414,33.36764705882353,0.0,0.0,0.0,0.0,1.0991447869486801,68,residual,0,tau_l1,0.0,none
ctrl-residual__pi-0-tau_l1-a0.0005__sf-none-dt2-qm0.15__pd-kp10-kd1-elauto__tau20-lama0.001__a2-m0.02-md0.07-phi-1.5708_1.5708__h200,3,1000,"[0.924,1.367]",1.0,0.04008229731764944,-17.73580317682493,33.64705882352941,0.0,0.0,0.0,0.0,1.0991447869486801,68,residual,0,tau_l1,0.0,none
ctrl-residual__pi-0-tau_l1-a0.0005__sf-none-dt2-qm0.15__pd-kp10-kd1-elauto__tau20-lama0.001__a2-m0.02-md0.07-phi-1.5708_1.5708__h200,4,1000,"[0.924,1.367]",1.0,0.03944172790268133,-17.266840761811576,32.63235294117647,0.0,0.0,0.0,0.0,1.0991447869486801,68,residual,0,tau_l1,0.0,none
