mode,episode,success,final_distance,return,length,mean_tau_l1,tau_l1_sum
pure,1,0,0.09504458066961852,-26.053967028728046,200,2.2942579928435527,458.85159856871053
pure,2,1,0.04954820538568946,-6.542990903302588,45,9.130720593169855,410.8824266926435
pure,3,0,0.10673380798465057,-29.36135788345646,200,2.3918802557536942,478.3760511507389
pure,4,0,0.2278875847762528,-49.29083808912856,200,2.576926369766254,515.3852739532508
pure,5,1,0.046610286276883406,-4.39116594539492,27,17.55846480548684,474.0785497481446
pure,6,1,0.0452266707728574,-4.392222985105,27,17.92221903113029,483.8999138405178
pure,7,0,0.20071531059184142,-43.06680190307394,200,2.098080305165831,419.61606103316626
pure,8,0,0.18039505430562822,-48.01457208392633,200,2.511268271046824,502.2536542093648
pure,9,0,0.32350885059486933,-79.34370880065106,200,3.527537440015623,705.5074880031246
pure,10,0,0.13841687587448886,-30.318124480943805,200,21.259005068999674,4251.8010137999345
pure,11,0,0.1485092600917107,-29.55813414392252,200,20.990178770368452,4198.03575407369
pure,12,0,0.15250232593866714,-34.938579031483506,200,2.2205495422293864,444.1099084458773
pure,13,0,0.14761857826119604,-42.30210691654966,200,2.530294030174835,506.058806034967
pure,14,0,0.39341639941138634,-84.00355587864881,200,3.139352054675461,627.8704109350922
pure,15,1,0.049557969181566915,-7.252602781473274,50,9.005330604340822,450.26653021704107
pure,16,0,0.21265266597149238,-52.32365066156157,200,2.8186715780118807,563.7343156023761
pure,17,1,0.029225799716947436,-0.02936722107970512,1,37.0127029046601,37.0127029046601
pure,18,0,0.13105231053050329,-43.049639183562135,200,2.6365729586541464,527.3145917308293
pure,19,0,0.05082277038837953,-16.345241265120745,200,2.358844733208802,471.7689466417604
pure,20,1,0.049667319351286036,-1.9097115113065526,12,21.503078091226943,258.0369370947233
pure,21,0,0.055786118724101094,-23.54013622162977,200,2.4339356039537456,486.78712079074916
pure,22,1,0.049441763012301056,-3.1261507824314907,23,18.344640458083575,421.9267305359222
pure,23,1,0.04903309023186699,-13.62911496474135,44,19.18773605700508,844.2603865082235
pure,24,0,0.09480540585863112,-30.291788404031696,200,2.454104060759279,490.82081215185576
pure,25,1,0.04986280314348354,-13.489468930377202,51,9.943910415223948,507.1394311764214
pure,26,1,0.04976644825070552,-9.078605197864581,50,8.409703187202785,420.4851593601392
pure,27,0,0.1504535557856286,-29.579457730193152,200,20.926536306857553,4185.30726137151
pure,28,0,0.08067564183598605,-26.938624001777022,200,2.695565839189222,539.1131678378443
pure,29,1,0.048980758512460254,-7.205635390830198,33,13.607878513614999,449.05999094929496
pure,30,1,0.04588248987940797,-8.1605443674154,37,13.131573942937242,485.868235888678
pure,31,0,0.12506457585795067,-32.758576847179064,200,2.99717205721055,599.43441144211
pure,32,1,0.049375578883157474,-5.5187291437249835,24,20.974061245474793,503.37746989139504
pure,33,1,0.0490226253117138,-17.265600441560142,53,8.398048221828981,445.096555756936
pure,34,1,0.047898537478604224,-2.118651022110559,12,24.51956008669774,294.2347210403729
pure,35,1,0.048908138144212424,-1.7472728308335268,19,18.44776659461128,350.50756529761435
pure,36,1,0.046283762211911064,-6.1764857029012505,23,17.19967966267776,395.5926322415885
pure,37,1,0.04417473939192971,-1.7354337170963765,12,17.879201981187148,214.55042377424576
pure,38,1,0.049469394277973915,-6.929358388086971,21,17.07022059897549,358.4746325784853
pure,39,1,0.04864850912895426,-10.489234941184263,36,13.93626470160752,501.7055292578707
pure,40,1,0.04743272863807705,-8.060066197602067,36,15.654477952272657,563.5612062818157
pure,41,1,0.04989896892215438,-16.51626243509154,75,6.932210891688369,519.9158168766277
pure,42,0,0.19013415359167646,-52.64096599533092,200,2.7908116274538837,558.1623254907768
pure,43,1,0.0486105746320517,-4.049093349857287,30,15.205337441447444,456.1601232434233
pure,44,1,0.04721481411514885,-4.90005114615226,26,17.697959172325177,460.1469384804546
pure,45,0,0.20065019492226174,-52.483112376843586,200,3.588809858754681,717.7619717509363
pure,46,0,0.1383872489321137,-35.11884710857777,200,2.5087074930511823,501.7414986102365
pure,47,0,0.20104457720860272,-51.041099189167916,200,2.8365177075575274,567.3035415115055
pure,48,1,0.04968482461259636,-10.238295241217903,39,14.261355546979685,556.1928663322077
pure,49,1,0.0477757160177144,-2.6592563785721715,23,21.06465275542275,484.48701337472323
pure,50,0,0.16748727011754394,-32.94025048323569,200,1.9977759591409536,399.55519182819074
pure,51,1,0.049796705752001034,-6.672543663607757,32,15.789640191075392,505.26848611441255
pure,52,0,0.19734685131360366,-46.093835481986936,200,21.104708454431634,4220.941690886327
pure,53,0,0.1049619961657481,-32.79240843435396,200,2.5767134456684473,515.3426891336894
pure,54,0,0.05032716520611746,-15.747390851579116,200,2.8218237984738295,564.3647596947659
pure,55,0,0.36735826990150466,-77.989186764062,200,2.8180468839090667,563.6093767818134
pure,56,0,0.19479007904786538,-40.16012267780082,200,2.760480137304821,552.0960274609643
pure,57,1,0.04585317254995037,-5.05749023754319,26,15.81789365061909,411.26523491609635
pure,58,1,0.04911636483498201,-3.879447057170012,25,17.961927483419725,449.0481870854931
pure,59,1,0.04668251314420631,-3.5346270501229573,19,18.83722194950862,357.9072170406638
pure,60,1,0.04505464198118726,-2.2196683045783425,16,17.02641504356351,272.42264069701616
pure,61,1,0.0489476794178007,-5.484274892459098,31,13.661057397132419,423.492779311105
pure,62,1,0.04108246163573963,-2.3030375050101664,14,18.696114754097295,261.7456065573621
pure,63,0,0.09407811070618617,-28.3191020164852,200,2.0885183832846024,417.7036766569205
pure,64,0,0.09230052986824402,-33.632201400820605,200,2.6746749017099694,534.9349803419939
pure,65,1,0.04811126409690126,-6.471142191608942,31,18.39420258618829,570.220280171837
pure,66,1,0.04905583884828018,-8.305183727645998,43,8.406177357790662,361.4656263849985
pure,67,0,0.05314332484895584,-25.339594948503628,200,2.640839050807055,528.167810161411
pure,68,0,0.058095135843757036,-21.504980665648787,200,2.5446991079970793,508.93982159941584
pure,69,0,0.06870821072534787,-19.134978627468698,200,2.0343931981882903,406.87863963765807
pure,70,1,0.0483068904747348,-5.198567642258918,36,10.139550557187716,365.0238200587578
pure,71,1,0.047981906566585304,-1.1931540458240797,14,18.68343282679098,261.56805957507373
pure,72,0,0.2286947113570703,-52.53365476861754,200,2.3888621520753266,477.77243041506534
pure,73,1,0.021595951462922414,-0.5503286713402931,5,25.921396841450928,129.60698420725464
pure,74,0,0.38557049015524786,-82.66899167996539,200,2.7297613241652603,545.952264833052
pure,75,0,0.22435752395373876,-45.44294210354646,200,20.813916340724433,4162.783268144886
pure,76,0,0.3207672854142213,-68.62932879869395,200,2.5660295329275704,513.2059065855141
pure,77,0,0.12998956459218203,-36.435721477537356,200,2.6669546350922557,533.3909270184512
pure,78,0,0.3109712802080706,-70.46285185818148,200,2.731471347122359,546.2942694244717
pure,79,1,0.04890233391959742,-1.7702562172944543,13,23.07628561398569,299.991712981814
pure,80,1,0.046306182963030025,-11.458636019774548,31,14.824157776553767,459.54889107316677
pure,81,1,0.04819249396530496,-11.599599462827152,39,14.086185268241602,549.3612254614225
pure,82,0,0.12970547575481953,-29.724402974762807,200,21.027910507982185,4205.582101596437
pure,83,0,0.18299128877513868,-35.51332976014766,200,21.221500564648558,4244.300112929712
pure,84,0,0.06346756865832368,-33.247106207441796,200,1.8001429321218694,360.0285864243739
pure,85,0,0.05736952319777314,-14.130973109426854,200,2.3272275055933984,465.4455011186797
pure,86,1,0.04401299136183526,-5.231025586377543,26,17.677980479031508,459.62749245481916
pure,87,0,0.15860188854053248,-35.514721831191515,200,3.1438694973786934,628.7738994757386
pure,88,1,0.04928654967962831,-11.089684510250665,50,10.782125100692618,539.1062550346309
pure,89,0,0.293337035560362,-66.76131433695217,200,2.5984630112427385,519.6926022485477
pure,90,0,0.1258637015351556,-30.40564748469192,200,2.3684908816328414,473.6981763265683
pure,91,0,0.13344956941414454,-43.230663359436996,200,2.6835560558035776,536.7112111607155
pure,92,1,0.04500972733146458,-3.8570485466900006,29,14.983526396750786,434.5222655057728
pure,93,1,0.04705283834740764,-7.763926372370709,23,19.739737866561654,454.01397093091805
pure,94,0,0.06624824597559956,-20.695216970140695,200,1.885762940014337,377.1525880028674
pure,95,1,0.045457101150632125,-2.949379019640509,25,18.084443194108804,452.1110798527201
pure,96,1,0.04990993432201604,-9.68581614077651,36,13.712266135510355,493.6415808783728
pure,97,0,0.3755351710913578,-85.3174123506895,200,3.214458630248759,642.8917260497518
pure,98,1,0.04572583383375361,-2.769913456297268,23,14.980705110985028,344.55621755265565
pure,99,1,0.049950107523268984,-15.41688425210055,47,8.290972158948025,389.6756914705572
pure,100,1,0.048679090765294995,-19.786997950066688,57,9.57766222228045,545.9267466699856
pirl,1,1,0.04588367643367562,-11.488568136541549,43,17.96258536834633,772.3911708388921
pirl,2,1,0.04983757019461804,-9.149996002900831,62,21.0087974453757,1302.5454416132934
pirl,3,1,0.049041472569121204,-12.508371376224083,48,19.40492891564461,931.4365879509413
pirl,4,1,0.03950385311432746,-8.301401553219646,29,18.67687572955553,541.6293961571104
pirl,5,1,0.04500676266289592,-4.301866342950659,15,19.78241545130203,296.73623176953043
pirl,6,1,0.04941091929064553,-6.259949215349527,34,19.937140446926474,677.8627751955001
pirl,7,1,0.04329717050921197,-8.246090173572302,24,19.1621374476172,459.89129874281286
pirl,8,0,0.2819007172387333,-67.85272817252799,200,20.921719681012515,4184.343936202503
pirl,9,0,0.23187697257816917,-63.407178619270724,200,22.796205042269097,4559.24100845382
pirl,10,1,0.037853607709033524,-2.039511723678058,10,21.60656439734391,216.06564397343908
pirl,11,1,0.04803773793235229,-0.3191023971635394,4,16.658539606394363,66.63415842557745
pirl,12,1,0.04967007658863202,-10.275546858273254,36,18.574491411204544,668.6816908033636
pirl,13,0,0.07794009651653759,-32.89083049414251,200,20.9266863037605,4185.3372607521005
pirl,14,0,0.21890180143078355,-52.662824307100834,200,22.5575505249246,4511.51010498492
pirl,15,1,0.04771501413424684,-9.453235898752288,43,19.93498198943016,857.2042255454968
pirl,16,0,0.08374892023285181,-31.648086836642435,200,22.22350599692606,4444.701199385212
pirl,17,0,0.05641657045274009,-20.15883218183317,200,22.161665453421534,4432.333090684307
pirl,18,0,0.08526586987954203,-37.21996898992381,200,21.803135094122066,4360.627018824413
pirl,19,1,0.04969047294811511,-6.361390471175875,44,21.301569113083428,937.2690409756708
pirl,20,1,0.04146323424546645,-1.6471710041533603,14,17.581889177993325,246.14644849190657
pirl,21,1,0.0481484410764789,-15.719176742038112,55,19.494714762879024,1072.2093119583462
pirl,22,1,0.03832074826265013,-4.293659718596712,21,22.059341466177028,463.24617078971755
pirl,23,1,0.04761895147956474,-17.03453421572356,36,18.842080323959046,678.3148916625256
pirl,24,0,0.16547033413930848,-44.52233573744061,200,21.327494112338783,4265.498822467756
pirl,25,1,0.049331508683464226,-12.886131303926495,44,20.691120820825287,910.4093161163127
pirl,26,1,0.04917508785578141,-9.104828031568966,45,17.846819324792904,803.1068696156807
pirl,27,0,0.387721987975907,-73.35389696808006,200,22.50745188682224,4501.490377364447
pirl,28,0,0.1533131130536591,-39.30435152022362,200,21.576152422274955,4315.230484454991
pirl,29,0,0.09157588467287359,-23.82108481661047,200,22.99164946022211,4598.329892044422
pirl,30,1,0.0450093998808284,-8.065793628782439,34,19.887081501001312,676.1607710340446
pirl,31,0,0.206445123333511,-47.75077167708222,200,21.830282975121417,4366.0565950242835
pirl,32,1,0.04858769082734168,-4.925115272637874,20,22.712588650512686,454.2517730102537
pirl,33,0,0.05519822211700046,-27.356662912734972,200,21.504841786623714,4300.968357324743
pirl,34,0,0.28830106415274215,-55.32310273397173,200,22.68004614703515,4536.00922940703
pirl,35,0,0.2986754738450907,-58.658853844522845,200,22.48695980172678,4497.391960345356
pirl,36,0,0.08850420633268506,-28.63902054866839,200,22.616030492214723,4523.2060984429445
pirl,37,1,0.04505392369089982,-4.1605810347324566,25,19.644396311513322,491.1099077878331
pirl,38,1,0.029147155998098896,-6.658896991842218,19,16.75840766466366,318.4097456286096
pirl,39,1,0.04551058128210551,-9.802055976466649,32,17.20220250787181,550.4704802518979
pirl,40,0,0.1275890526947563,-30.213519867934195,200,22.330537124873963,4466.107424974793
pirl,41,1,0.04957616539278181,-14.51995667828962,49,20.67778550117656,1013.2114895576515
pirl,42,0,0.1207447196276952,-41.98178861402127,200,21.9024447746253,4380.48895492506
pirl,43,1,0.0489937095603552,-6.506284032546256,31,20.107311569748237,623.3266586621953
pirl,44,1,0.039873776652839754,-4.49233679315197,24,19.67474803426504,472.1939528223609
pirl,45,1,0.03604965967416388,-20.508114167224278,31,19.936820454962305,618.0414341038314
pirl,46,1,0.04797677959116705,-14.488022623557955,53,20.946133961676985,1110.1450999688802
pirl,47,0,0.11373941983321316,-37.01654291397513,200,22.001599508761288,4400.3199017522575
pirl,48,0,0.09811845057447852,-29.739232665266336,200,21.920351613749666,4384.070322749933
pirl,49,1,0.04917310173344836,-3.039247319574116,24,22.330515615248853,535.9323747659724
pirl,50,0,0.37881338385852764,-75.62402496863241,200,22.803866780830816,4560.7733561661635
pirl,51,0,0.09239324806278096,-27.20050911678025,200,22.8599156627902,4571.98313255804
pirl,52,1,0.03417951123981377,-13.207164110971906,24,20.393248239114317,489.43795773874365
pirl,53,1,0.04954388565377638,-18.763083234704915,66,20.30273208598996,1339.9803176753373
pirl,54,1,0.049758212925487856,-6.80550727745743,43,20.170074739011017,867.3132137774737
pirl,55,0,0.1709403825174208,-44.27330531762673,200,22.34465075847018,4468.930151694036
pirl,56,1,0.04160304863420931,-0.15167449174566533,2,29.72952243786596,59.45904487573192
pirl,57,0,0.09039574569466428,-25.059775238873954,200,22.155241306637365,4431.048261327473
pirl,58,0,0.08217572010227676,-22.074601406893038,200,22.81117937060485,4562.23587412097
pirl,59,1,0.041083587315509006,-5.6324342336939255,26,19.985647511585004,519.6268353012101
pirl,60,1,0.04474509721419243,-2.8531786069317127,19,17.4425245554456,331.40796655346645
pirl,61,0,0.056654241795471856,-18.227904986049023,200,21.989120236894234,4397.824047378846
pirl,62,1,0.042525554957745,-3.696436219136587,22,17.587773371467588,386.93101417228695
pirl,63,1,0.04762146499325402,-13.951500632415113,51,19.301095690077453,984.3558801939502
pirl,64,0,0.14873788825080134,-45.638370705323005,200,21.40168912599323,4280.337825198646
pirl,65,0,0.08819448397031585,-23.555213444814914,200,23.034046318905325,4606.809263781065
pirl,66,1,0.049404589702433145,-10.619478312158698,59,21.02960234577605,1240.746538400787
pirl,67,0,0.11006336046263074,-36.457977374941684,200,21.715398196475824,4343.079639295165
pirl,68,1,0.049038990155358585,-11.810749840849892,47,21.447543861824492,1008.0345615057511
pirl,69,1,0.04927325293934552,-8.502879077285836,45,19.519830414047878,878.3923686321546
pirl,70,1,0.04993985858694396,-7.23217708420817,48,19.82554566442944,951.6261918926132
pirl,71,0,0.15237490236953286,-31.281995107281926,200,22.814287147776135,4562.857429555227
pirl,72,1,0.04441309582705118,-14.177468022538886,31,20.204469811600273,626.3385641596085
pirl,73,1,0.04549838250780613,-2.789845183631218,24,19.613658872341038,470.7278129361849
pirl,74,0,0.2330108826613613,-57.31943427112267,200,22.121992878289902,4424.3985756579805
pirl,75,1,0.037571623748910446,-1.8358529579128564,10,22.434628003935604,224.34628003935603
pirl,76,0,0.17292193640898978,-45.22054597199254,200,22.324592422221322,4464.918484444264
pirl,77,0,0.058958974135784575,-26.695540743239267,200,22.223271731840967,4444.654346368194
pirl,78,0,0.1774630802510661,-46.88925526840738,200,22.437597086089465,4487.519417217893
pirl,79,1,0.04718069002292949,-2.834887408120178,18,18.34937428841875,330.2887371915375
pirl,80,1,0.04423772456372091,-10.852725174059637,27,15.337093010101736,414.10151127274685
pirl,81,1,0.04867363022727111,-14.594774951114163,42,20.903223778347268,877.9353986905852
pirl,82,1,0.044271577017707224,-6.989998352205867,21,19.052748884220527,400.1077265686311
pirl,83,1,0.04467264735891736,-0.3041711072437379,4,22.742332056051854,90.96932822420742
pirl,84,0,0.10894008235948208,-43.20223846055446,200,20.867086775201468,4173.417355040294
pirl,85,1,0.04962972401713724,-2.3980702959802973,13,23.933282520596997,311.13267276776094
pirl,86,1,0.03720815901060432,-6.703826933389273,25,19.675311786866395,491.8827946716599
pirl,87,0,0.24453645081521394,-50.1933137005371,200,22.081739192034,4416.3478384068
pirl,88,0,0.1429552247465393,-37.49499393562653,200,23.05718514816047,4611.437029632094
pirl,89,0,0.09894609720450497,-35.858726913064544,200,22.783500437261328,4556.7000874522655
pirl,90,0,0.27035873456280624,-59.0836423128363,200,21.628142344409007,4325.628468881801
pirl,91,0,0.06386831927926276,-34.07072309506501,200,22.18358992190482,4436.717984380964
pirl,92,1,0.047547926338363376,-5.507998107226239,28,19.977962753830468,559.3829571072531
pirl,93,1,0.04807117746925419,-9.601929031871208,28,19.325258531138278,541.1072388718718
pirl,94,1,0.048132147553453755,-11.393795642742162,51,20.149336943275113,1027.6161841070307
pirl,95,0,0.10586096101749393,-23.992835750170205,200,22.48720196644616,4497.440393289232
pirl,96,1,0.04234788219255036,-9.088553019602196,33,16.90388153863956,557.8280907751055
pirl,97,0,0.18258064697443316,-54.306745550774004,200,22.76401789490285,4552.80357898057
pirl,98,1,0.04801040178732719,-5.411277205655432,29,19.794564621489094,574.0423740231837
pirl,99,0,0.09245952546351972,-31.86443424393715,200,21.60048634908876,4320.097269817752
pirl,100,1,0.04970770411673312,-19.442257163589655,56,17.622203676076996,986.8434058603117
