exp_id,train_seed,eval_seed_base,d0_bin,success_rate,mean_final_distance,mean_return,mean_ep_len,mean_tau_l1,mean_pi_value,mean_filter_intervention_rate,mean_filter_delta_tau_norm,mean_d0,episodes_in_bin,control,use_pi_reward,pi_metric,alpha_pi,safety_filter,config_id
ctrl-direct__pi-0-tau_l1-a0.0005__sf-none-dt2-qm0.15__tau20-lama0.001__a2-m0.02-md0.07-phi-1.5708_1.5708__h200,0,1000,"[0.087,0.642)",0.5151515151515151,0.32542355334848083,-58.668816335393586,147.12121212121212,0.906655147426288,0.0,0.0,0.0,0.4537252305637389,66,direct,0,tau_l1,0.0,none,ctrl-direct__pi-0-tau_l1-a0.0005__sf-none-dt2-qm0.15__tau20-lama0.001__a2-m0.02-md0.07-phi-1.5708_1.5708__h200 | control=direct | use_pi_reward=0 | pi_metric=tau_l1 | alpha_pi=0.0 | safety_filter=none
ctrl-direct__pi-0-tau_l1-a0.0005__sf-none-dt2-qm0.15__tau20-lama0.001__a2-m0.02-md0.07-phi-1.5708_1.5708__h200,1,1000,"[0.087,0.642)",0.5454545454545454,0.2900338867227276,-48.462115320289605,129.37878787878788,1.2530370451754653,0.0,0.0,0.0,0.4537252305637389,66,direct,0,tau_l1,0.0,none,ctrl-direct__pi-0-tau_l1-a0.0005__sf-none-dt2-qm0.15__tau20-lama0.001__a2-m0.02-md0.07-phi-1.5708_1.5708__h200 | control=direct | use_pi_reward=0 | pi_metric=tau_l1 | alpha_pi=0.0 | safety_filter=none
ctrl-direct__pi-0-tau_l1-a0.0005__sf-none-dt2-qm0.15__tau20-lama0.001__a2-m0.02-md0.07-phi-1.5708_1.5708__h200,2,1000,"[0.087,0.642)",0.4696969696969697,0.21244781784086608,-52.20820795204662,128.43939393939394,1.8540522946715907,0.0,0.0,0.0,0.4537252305637389,66,direct,0,tau_l1,0.0,none,ctrl-direct__pi-0-tau_l1-a0.0005__sf-none-dt2-qm0.15__tau20-lama0.001__a2-m0.02-md0.07-phi-1.5708_1.5708__h200 | control=direct | use_pi_reward=0 | pi_metric=tau_l1 | alpha_pi=0.0 | safety_filter=none
ctrl-direct__pi-0-tau_l1-a0.0005__sf-none-dt2-qm0.15__tau20-lama0.001__a2-m0.02-md0.07-phi-1.5708_1.5708__h200,3,1000,"[0.087,0.642)",0.6666666666666666,0.22431431478973252,-45.07535920363277,106.72727272727273,1.4871004675397057,0.0,0.0,0.0,0.4537252305637389,66,direct,0,tau_l1,0.0,none,ctrl-direct__pi-0-tau_l1-a0.0005__sf-none-dt2-qm0.15__tau20-lama0.001__a2-m0.02-md0.07-phi-1.5708_1.5708__h200 | control=direct | use_pi_reward=0 | pi_metric=tau_l1 | alpha_pi=0.0 | safety_filter=none
ctrl-direct__pi-0-tau_l1-a0.0005__sf-none-dt2-qm0.15__tau20-lama0.001__a2-m0.02-md0.07-phi-1.5708_1.5708__h200,4,1000,"[0.087,0.642)",0.24242424242424243,0.375022357721246,-77.56495034214082,159.57575757575756,0.5920899891872969,0.0,0.0,0.0,0.4537252305637389,66,direct,0,tau_l1,0.0,none,ctrl-direct__pi-0-tau_l1-a0.0005__sf-none-dt2-qm0.15__tau20-lama0.001__a2-m0.02-md0.07-phi-1.5708_1.5708__h200 | control=direct | use_pi_reward=0 | pi_metric=tau_l1 | alpha_pi=0.0 | safety_filter=none
ctrl-direct__pi-0-tau_l1-a0.0005__sf-none-dt2-qm0.15__tau20-lama0.001__a2-m0.02-md0.07-phi-1.5708_1.5708__h200,0,1000,"[0.642,0.924)",0.4696969696969697,0.2703723232895425,-69.81061479465097,137.8030303030303,1.0010790718536589,0.0,0.0,0.0,0.7906963271951564,66,direct,0,tau_l1,0.0,none,ctrl-direct__pi-0-tau_l1-a0.0005__sf-none-dt2-qm0.15__tau20-lama0.001__a2-m0.02-md0.07-phi-1.5708_1.5708__h200 | control=direct | use_pi_reward=0 | pi_metric=tau_l1 | alpha_pi=0.0 | safety_filter=none
ctrl-direct__pi-0-tau_l1-a0.0005__sf-none-dt2-qm0.15__tau20-lama0.001__a2-m0.02-md0.07-phi-1.5708_1.5708__h200,1,1000,"[0.642,0.924)",0.6363636363636364,0.19403769822241676,-65.37688783051264,132.5151515151515,1.470326604912298,0.0,0.0,0.0,0.7906963271951564,66,direct,0,tau_l1,0.0,none,ctrl-direct__pi-0-tau_l1-a0.0005__sf-none-dt2-qm0.15__tau20-lama0.001__a2-m0.02-md0.07-phi-1.5708_1.5708__h200 | control=direct | use_pi_reward=0 | pi_metric=tau_l1 | alpha_pi=0.0 | safety_filter=none
ctrl-direct__pi-0-tau_l1-a0.0005__sf-none-dt2-qm0.15__tau20-lama0.001__a2-m0.02-md0.07-phi-1.5708_1.5708__h200,2,1000,"[0.642,0.924)",0.3787878787878788,0.4074569909346705,-76.00586958291704,151.42424242424244,1.6496243892112694,0.0,0.0,0.0,0.7906963271951564,66,direct,0,tau_l1,0.0,none,ctrl-direct__pi-0-tau_l1-a0.0005__sf-none-dt2-qm0.15__tau20-lama0.001__a2-m0.02-md0.07-phi-1.5708_1.5708__h200 | control=direct | use_pi_reward=0 | pi_metric=tau_l1 | alpha_pi=0.0 | safety_filter=none
ctrl-direct__pi-0-tau_l1-a0.0005__sf-none-dt2-qm0.15__tau20-lama0.001__a2-m0.02-md0.07-phi-1.5708_1.5708__h200,3,1000,"[0.642,0.924)",0.5151515151515151,0.29106050157468905,-68.45339798921185,142.95454545454547,1.3354299926371185,0.0,0.0,0.0,0.7906963271951564,66,direct,0,tau_l1,0.0,none,ctrl-direct__pi-0-tau_l1-a0.0005__sf-none-dt2-qm0.15__tau20-lama0.001__a2-m0.02-md0.07-phi-1.5708_1.5708__h200 | control=direct | use_pi_reward=0 | pi_metric=tau_l1 | alpha_pi=0.0 | safety_filter=none
ctrl-direct__pi-0-tau_l1-a0.0005__sf-none-dt2-qm0.15__tau20-lama0.001__a2-m0.02-md0.07-phi-1.5708_1.5708__h200,4,1000,"[0.642,0.924)",0.3181818181818182,0.49754272598605465,-88.61875331282295,152.65151515151516,0.7188338317041438,0.0,0.0,0.0,0.7906963271951564,66,direct,0,tau_l1,0.0,none,ctrl-direct__pi-0-tau_l1-a0.0005__sf-none-dt2-qm0.15__tau20-lama0.001__a2-m0.02-md0.07-phi-1.5708_1.5708__h200 | control=direct | use_pi_reward=0 | pi_metric=tau_l1 | alpha_pi=0.0 | safety_filter=none
ctrl-direct__pi-0-tau_l1-a0.0005__sf-none-dt2-qm0.15__tau20-lama0.001__a2-m0.02-md0.07-phi-1.5708_1.5708__h200,0,1000,"[0.924,1.367]",0.3235294117647059,0.4878974122251769,-99.48425451414184,177.3235294117647,0.9240392374415896,0.0,0.0,0.0,1.0991447869486801,68,direct,0,tau_l1,0.0,none,ctrl-direct__pi-0-tau_l1-a0.0005__sf-none-dt2-qm0.15__tau20-lama0.001__a2-m0.02-md0.07-phi-1.5708_1.5708__h200 | control=direct | use_pi_reward=0 | pi_metric=tau_l1 | alpha_pi=0.0 | safety_filter=none
ctrl-direct__pi-0-tau_l1-a0.0005__sf-none-dt2-qm0.15__tau20-lama0.001__a2-m0.02-md0.07-phi-1.5708_1.5708__h200,1,1000,"[0.924,1.367]",0.39705882352941174,0.41514437808603993,-91.90381164028256,164.16176470588235,1.7057864427957041,0.0,0.0,0.0,1.0991447869486801,68,direct,0,tau_l1,0.0,none,ctrl-direct__pi-0-tau_l1-a0.0005__sf-none-dt2-qm0.15__tau20-lama0.001__a2-m0.02-md0.07-phi-1.5708_1.5708__h200 | control=direct | use_pi_reward=0 | pi_metric=tau_l1 | alpha_pi=0.0 | safety_filter=none
ctrl-direct__pi-0-tau_l1-a0.0005__sf-none-dt2-qm0.15__tau20-lama0.001__a2-m0.02-md0.07-phi-1.5708_1.5708__h200,2,1000,"[0.924,1.367]",0.5588235294117647,0.30195056475998855,-83.0265251550015,148.7941176470588,1.6558991911901593,0.0,0.0,0.0,1.0991447869486801,68,direct,0,tau_l1,0.0,none,ctrl-direct__pi-0-tau_l1-a0.0005__sf-none-dt2-qm0.15__tau20-lama0.001__a2-m0.02-md0.07-phi-1.5708_1.5708__h200 | control=direct | use_pi_reward=0 | pi_metric=tau_l1 | alpha_pi=0.0 | safety_filter=none
ctrl-direct__pi-0-tau_l1-a0.0005__sf-none-dt2-qm0.15__tau20-lama0.001__a2-m0.02-md0.07-phi-1.5708_1.5708__h200,3,1000,"[0.924,1.367]",0.27941176470588236,0.44193585116065126,-93.03144945759979,172.7941176470588,1.2974652723494173,0.0,0.0,0.0,1.0991447869486801,68,direct,0,tau_l1,0.0,none,ctrl-direct__pi-0-tau_l1-a0.0005__sf-none-dt2-qm0.15__tau20-lama0.001__a2-m0.02-md0.07-phi-1.5708_1.5708__h200 | control=direct | use_pi_reward=0 | pi_metric=tau_l1 | alpha_pi=0.0 | safety_filter=none
ctrl-direct__pi-0-tau_l1-a0.0005__sf-none-dt2-qm0.15__tau20-lama0.001__a2-m0.02-md0.07-phi-1.5708_1.5708__h200,4,1000,"[0.924,1.367]",0.04411764705882353,0.7132641929920233,-139.1949919548874,196.27941176470588,0.8530941062005494,0.0,0.0,0.0,1.0991447869486801,68,direct,0,tau_l1,0.0,none,ctrl-direct__pi-0-tau_l1-a0.0005__sf-none-dt2-qm0.15__tau20-lama0.001__a2-m0.02-md0.07-phi-1.5708_1.5708__h200 | control=direct | use_pi_reward=0 | pi_metric=tau_l1 | alpha_pi=0.0 | safety_filter=none
ctrl-direct__pi-0-tau_l1-a0.0005__sf-proj_box_jointlimit-dt2-qm0.15__tau20-lama0.001__a2-m0.02-md0.07-phi-1.5708_1.5708__h200,0,1000,"[0.087,0.642)",0.15151515151515152,0.5995875133168383,-108.9140565280857,172.5909090909091,0.6130357707028482,0.0,0.6558333333333333,1.1475880250876602,0.4537252305637389,66,direct,0,tau_l1,0.0,proj_box_jointlimit,ctrl-direct__pi-0-tau_l1-a0.0005__sf-proj_box_jointlimit-dt2-qm0.15__tau20-lama0.001__a2-m0.02-md0.07-phi-1.5708_1.5708__h200 | control=direct | use_pi_reward=0 | pi_metric=tau_l1 | alpha_pi=0.0 | safety_filter=proj_box_jointlimit
ctrl-direct__pi-0-tau_l1-a0.0005__sf-proj_box_jointlimit-dt2-qm0.15__tau20-lama0.001__a2-m0.02-md0.07-phi-1.5708_1.5708__h200,1,1000,"[0.087,0.642)",0.5606060606060606,0.27195341483782975,-49.747265851733076,134.25757575757575,1.0643499449517286,0.0,0.022222087181980224,0.008373995264984554,0.4537252305637389,66,direct,0,tau_l1,0.0,proj_box_jointlimit,ctrl-direct__pi-0-tau_l1-a0.0005__sf-proj_box_jointlimit-dt2-qm0.15__tau20-lama0.001__a2-m0.02-md0.07-phi-1.5708_1.5708__h200 | control=direct | use_pi_reward=0 | pi_metric=tau_l1 | alpha_pi=0.0 | safety_filter=proj_box_jointlimit
ctrl-direct__pi-0-tau_l1-a0.0005__sf-proj_box_jointlimit-dt2-qm0.15__tau20-lama0.001__a2-m0.02-md0.07-phi-1.5708_1.5708__h200,2,1000,"[0.087,0.642)",0.3181818181818182,0.4437042389906222,-79.23188293616076,157.6818181818182,0.9849538593728857,0.0,0.07992424242424243,0.10284628236947385,0.4537252305637389,66,direct,0,tau_l1,0.0,proj_box_jointlimit,ctrl-direct__pi-0-tau_l1-a0.0005__sf-proj_box_jointlimit-dt2-qm0.15__tau20-lama0.001__a2-m0.02-md0.07-phi-1.5708_1.5708__h200 | control=direct | use_pi_reward=0 | pi_metric=tau_l1 | alpha_pi=0.0 | safety_filter=proj_box_jointlimit
ctrl-direct__pi-0-tau_l1-a0.0005__sf-proj_box_jointlimit-dt2-qm0.15__tau20-lama0.001__a2-m0.02-md0.07-phi-1.5708_1.5708__h200,3,1000,"[0.087,0.642)",0.2727272727272727,0.21171075227082362,-57.901864926377,158.96969696969697,0.8195513037277229,0.0,0.0027316480836922074,0.0007174623217229848,0.4537252305637389,66,direct,0,tau_l1,0.0,proj_box_jointlimit,ctrl-direct__pi-0-tau_l1-a0.0005__sf-proj_box_jointlimit-dt2-qm0.15__tau20-lama0.001__a2-m0.02-md0.07-phi-1.5708_1.5708__h200 | control=direct | use_pi_reward=0 | pi_metric=tau_l1 | alpha_pi=0.0 | safety_filter=proj_box_jointlimit
ctrl-direct__pi-0-tau_l1-a0.0005__sf-proj_box_jointlimit-dt2-qm0.15__tau20-lama0.001__a2-m0.02-md0.07-phi-1.5708_1.5708__h200,4,1000,"[0.087,0.642)",0.3787878787878788,0.4013251211569999,-64.67624450007503,152.4848484848485,1.1697378103196103,0.0,0.10182116733840871,0.10638607173630672,0.4537252305637389,66,direct,0,tau_l1,0.0,proj_box_jointlimit,ctrl-direct__pi-0-tau_l1-a0.0005__sf-proj_box_jointlimit-dt2-qm0.15__tau20-lama0.001__a2-m0.02-md0.07-phi-1.5708_1.5708__h200 | control=direct | use_pi_reward=0 | pi_metric=tau_l1 | alpha_pi=0.0 | safety_filter=proj_box_jointlimit
ctrl-direct__pi-0-tau_l1-a0.0005__sf-proj_box_jointlimit-dt2-qm0.15__tau20-lama0.001__a2-m0.02-md0.07-phi-1.5708_1.5708__h200,0,1000,"[0.642,0.924)",0.10606060606060606,0.4982796525629539,-103.45695678589689,181.74242424242425,0.6776394872942773,0.0,0.7346212121212121,1.3790787750888955,0.7906963271951564,66,direct,0,tau_l1,0.0,proj_box_jointlimit,ctrl-direct__pi-0-tau_l1-a0.0005__sf-proj_box_jointlimit-dt2-qm0.15__tau20-lama0.001__a2-m0.02-md0.07-phi-1.5708_1.5708__h200 | control=direct | use_pi_reward=0 | pi_metric=tau_l1 | alpha_pi=0.0 | safety_filter=proj_box_jointlimit
ctrl-direct__pi-0-tau_l1-a0.0005__sf-proj_box_jointlimit-dt2-qm0.15__tau20-lama0.001__a2-m0.02-md0.07-phi-1.5708_1.5708__h200,1,1000,"[0.642,0.924)",0.5303030303030303,0.22344125925163535,-61.06344931897117,134.3030303030303,1.2608931621715431,0.0,0.04136552299451795,0.01607851778110751,0.7906963271951564,66,direct,0,tau_l1,0.0,proj_box_jointlimit,ctrl-direct__pi-0-tau_l1-a0.0005__sf-proj_box_jointlimit-dt2-qm0.15__tau20-lama0.001__a2-m0.02-md0.07-phi-1.5708_1.5708__h200 | control=direct | use_pi_reward=0 | pi_metric=tau_l1 | alpha_pi=0.0 | safety_filter=proj_box_jointlimit
ctrl-direct__pi-0-tau_l1-a0.0005__sf-proj_box_jointlimit-dt2-qm0.15__tau20-lama0.001__a2-m0.02-md0.07-phi-1.5708_1.5708__h200,2,1000,"[0.642,0.924)",0.3939393939393939,0.3988384666321637,-79.78952539146857,149.57575757575756,1.0638526403504576,0.0,0.04522727272727273,0.07000201051246382,0.7906963271951564,66,direct,0,tau_l1,0.0,proj_box_jointlimit,ctrl-direct__pi-0-tau_l1-a0.0005__sf-proj_box_jointlimit-dt2-qm0.15__tau20-lama0.001__a2-m0.02-md0.07-phi-1.5708_1.5708__h200 | control=direct | use_pi_reward=0 | pi_metric=tau_l1 | alpha_pi=0.0 | safety_filter=proj_box_jointlimit
ctrl-direct__pi-0-tau_l1-a0.0005__sf-proj_box_jointlimit-dt2-qm0.15__tau20-lama0.001__a2-m0.02-md0.07-phi-1.5708_1.5708__h200,3,1000,"[0.642,0.924)",0.3333333333333333,0.15145505197925885,-78.1184382481936,164.92424242424244,0.8104141059270444,0.0,0.0061665225051598166,0.0027411913402319616,0.7906963271951564,66,direct,0,tau_l1,0.0,proj_box_jointlimit,ctrl-direct__pi-0-tau_l1-a0.0005__sf-proj_box_jointlimit-dt2-qm0.15__tau20-lama0.001__a2-m0.02-md0.07-phi-1.5708_1.5708__h200 | control=direct | use_pi_reward=0 | pi_metric=tau_l1 | alpha_pi=0.0 | safety_filter=proj_box_jointlimit
ctrl-direct__pi-0-tau_l1-a0.0005__sf-proj_box_jointlimit-dt2-qm0.15__tau20-lama0.001__a2-m0.02-md0.07-phi-1.5708_1.5708__h200,4,1000,"[0.642,0.924)",0.42424242424242425,0.30130739228572945,-79.22063798884427,143.4090909090909,1.302163469494922,0.0,0.10902707558979984,0.11316363426997707,0.7906963271951564,66,direct,0,tau_l1,0.0,proj_box_jointlimit,ctrl-direct__pi-0-tau_l1-a0.0005__sf-proj_box_jointlimit-dt2-qm0.15__tau20-lama0.001__a2-m0.02-md0.07-phi-1.5708_1.5708__h200 | control=direct | use_pi_reward=0 | pi_metric=tau_l1 | alpha_pi=0.0 | safety_filter=proj_box_jointlimit
ctrl-direct__pi-0-tau_l1-a0.0005__sf-proj_box_jointlimit-dt2-qm0.15__tau20-lama0.001__a2-m0.02-md0.07-phi-1.5708_1.5708__h200,0,1000,"[0.924,1.367]",0.029411764705882353,0.702710606673793,-143.1280018583545,194.8235294117647,0.6784359848903745,0.0,0.7971323529411765,1.638190674786182,1.0991447869486801,68,direct,0,tau_l1,0.0,proj_box_jointlimit,ctrl-direct__pi-0-tau_l1-a0.0005__sf-proj_box_jointlimit-dt2-qm0.15__tau20-lama0.001__a2-m0.02-md0.07-phi-1.5708_1.5708__h200 | control=direct | use_pi_reward=0 | pi_metric=tau_l1 | alpha_pi=0.0 | safety_filter=proj_box_jointlimit
ctrl-direct__pi-0-tau_l1-a0.0005__sf-proj_box_jointlimit-dt2-qm0.15__tau20-lama0.001__a2-m0.02-md0.07-phi-1.5708_1.5708__h200,1,1000,"[0.924,1.367]",0.27941176470588236,0.44719899219492787,-93.9702377732348,173.8235294117647,1.166098547124746,0.0,0.1220654314948342,0.07350267285392674,1.0991447869486801,68,direct,0,tau_l1,0.0,proj_box_jointlimit,ctrl-direct__pi-0-tau_l1-a0.0005__sf-proj_box_jointlimit-dt2-qm0.15__tau20-lama0.001__a2-m0.02-md0.07-phi-1.5708_1.5708__h200 | control=direct | use_pi_reward=0 | pi_metric=tau_l1 | alpha_pi=0.0 | safety_filter=proj_box_jointlimit
ctrl-direct__pi-0-tau_l1-a0.0005__sf-proj_box_jointlimit-dt2-qm0.15__tau20-lama0.001__a2-m0.02-md0.07-phi-1.5708_1.5708__h200,2,1000,"[0.924,1.367]",0.22058823529411764,0.6110071983890893,-118.70333008708474,175.08823529411765,1.253523206397935,0.0,0.10220588235294117,0.1746246174961833,1.0991447869486801,68,direct,0,tau_l1,0.0,proj_box_jointlimit,ctrl-direct__pi-0-tau_l1-a0.0005__sf-proj_box_jointlimit-dt2-qm0.15__tau20-lama0.001__a2-m0.02-md0.07-phi-1.5708_1.5708__h200 | control=direct | use_pi_reward=0 | pi_metric=tau_l1 | alpha_pi=0.0 | safety_filter=proj_box_jointlimit
ctrl-direct__pi-0-tau_l1-a0.0005__sf-proj_box_jointlimit-dt2-qm0.15__tau20-lama0.001__a2-m0.02-md0.07-phi-1.5708_1.5708__h200,3,1000,"[0.924,1.367]",0.3235294117647059,0.23956497012759592,-98.0877989421483,173.9558823529412,0.7658519638919209,0.0,0.0927496659800223,0.01847897173056969,1.0991447869486801,68,direct,0,tau_l1,0.0,proj_box_jointlimit,ctrl-direct__pi-0-tau_l1-a0.0005__sf-proj_box_jointlimit-dt2-qm0.15__tau20-lama0.001__a2-m0.02-md0.07-phi-1.5708_1.5708__h200 | control=direct | use_pi_reward=0 | pi_metric=tau_l1 | alpha_pi=0.0 | safety_filter=proj_box_jointlimit
ctrl-direct__pi-0-tau_l1-a0.0005__sf-proj_box_jointlimit-dt2-qm0.15__tau20-lama0.001__a2-m0.02-md0.07-phi-1.5708_1.5708__h200,4,1000,"[0.924,1.367]",0.2647058823529412,0.47812766749148494,-95.89180824815844,165.41176470588235,1.4127983468699061,0.0,0.20169855631853048,0.2540201394894112,1.0991447869486801,68,direct,0,tau_l1,0.0,proj_box_jointlimit,ctrl-direct__pi-0-tau_l1-a0.0005__sf-proj_box_jointlimit-dt2-qm0.15__tau20-lama0.001__a2-m0.02-md0.07-phi-1.5708_1.5708__h200 | control=direct | use_pi_reward=0 | pi_metric=tau_l1 | alpha_pi=0.0 | safety_filter=proj_box_jointlimit
ctrl-direct__pi-1-tau_l1-a0.0005__sf-none-dt2-qm0.15__tau20-lama0.001__a2-m0.02-md0.07-phi-1.5708_1.5708__h200,0,1000,"[0.087,0.642)",0.07575757575757576,0.6142574524168668,-123.22384780944887,185.57575757575756,2.2377470674629794,2.2377470674629794,0.0,0.0,0.4537252305637389,66,direct,1,tau_l1,0.0005,none,ctrl-direct__pi-1-tau_l1-a0.0005__sf-none-dt2-qm0.15__tau20-lama0.001__a2-m0.02-md0.07-phi-1.5708_1.5708__h200 | control=direct | use_pi_reward=1 | pi_metric=tau_l1 | alpha_pi=0.0005 | safety_filter=none
ctrl-direct__pi-1-tau_l1-a0.0005__sf-none-dt2-qm0.15__tau20-lama0.001__a2-m0.02-md0.07-phi-1.5708_1.5708__h200,1,1000,"[0.087,0.642)",0.48484848484848486,0.23330674346096178,-55.42553705827824,142.65151515151516,1.0075692284957494,1.0075692284957494,0.0,0.0,0.4537252305637389,66,direct,1,tau_l1,0.0005,none,ctrl-direct__pi-1-tau_l1-a0.0005__sf-none-dt2-qm0.15__tau20-lama0.001__a2-m0.02-md0.07-phi-1.5708_1.5708__h200 | control=direct | use_pi_reward=1 | pi_metric=tau_l1 | alpha_pi=0.0005 | safety_filter=none
ctrl-direct__pi-1-tau_l1-a0.0005__sf-none-dt2-qm0.15__tau20-lama0.001__a2-m0.02-md0.07-phi-1.5708_1.5708__h200,2,1000,"[0.087,0.642)",0.3333333333333333,0.47416642514078555,-72.85894670385996,148.8181818181818,1.2203701176432415,1.2203701176432415,0.0,0.0,0.4537252305637389,66,direct,1,tau_l1,0.0005,none,ctrl-direct__pi-1-tau_l1-a0.0005__sf-none-dt2-qm0.15__tau20-lama0.001__a2-m0.02-md0.07-phi-1.5708_1.5708__h200 | control=direct | use_pi_reward=1 | pi_metric=tau_l1 | alpha_pi=0.0005 | safety_filter=none
ctrl-direct__pi-1-tau_l1-a0.0005__sf-none-dt2-qm0.15__tau20-lama0.001__a2-m0.02-md0.07-phi-1.5708_1.5708__h200,3,1000,"[0.087,0.642)",0.5606060606060606,0.3234315588713004,-53.695523368325524,119.84848484848484,1.7608282794389354,1.7608282794389354,0.0,0.0,0.4537252305637389,66,direct,1,tau_l1,0.0005,none,ctrl-direct__pi-1-tau_l1-a0.0005__sf-none-dt2-qm0.15__tau20-lama0.001__a2-m0.02-md0.07-phi-1.5708_1.5708__h200 | control=direct | use_pi_reward=1 | pi_metric=tau_l1 | alpha_pi=0.0005 | safety_filter=none
ctrl-direct__pi-1-tau_l1-a0.0005__sf-none-dt2-qm0.15__tau20-lama0.001__a2-m0.02-md0.07-phi-1.5708_1.5708__h200,4,1000,"[0.087,0.642)",0.48484848484848486,0.21105097868677164,-48.888875662753435,140.5,1.16929928191855,1.16929928191855,0.0,0.0,0.4537252305637389,66,direct,1,tau_l1,0.0005,none,ctrl-direct__pi-1-tau_l1-a0.0005__sf-none-dt2-qm0.15__tau20-lama0.001__a2-m0.02-md0.07-phi-1.5708_1.5708__h200 | control=direct | use_pi_reward=1 | pi_metric=tau_l1 | alpha_pi=0.0005 | safety_filter=none
ctrl-direct__pi-1-tau_l1-a0.0005__sf-none-dt2-qm0.15__tau20-lama0.001__a2-m0.02-md0.07-phi-1.5708_1.5708__h200,0,1000,"[0.642,0.924)",0.10606060606060606,0.47306372435765065,-103.20944480179543,185.37878787878788,2.1618464573176728,2.1618464573176728,0.0,0.0,0.7906963271951564,66,direct,1,tau_l1,0.0005,none,ctrl-direct__pi-1-tau_l1-a0.0005__sf-none-dt2-qm0.15__tau20-lama0.001__a2-m0.02-md0.07-phi-1.5708_1.5708__h200 | control=direct | use_pi_reward=1 | pi_metric=tau_l1 | alpha_pi=0.0005 | safety_filter=none
ctrl-direct__pi-1-tau_l1-a0.0005__sf-none-dt2-qm0.15__tau20-lama0.001__a2-m0.02-md0.07-phi-1.5708_1.5708__h200,1,1000,"[0.642,0.924)",0.5,0.30649760754697375,-72.47568702848022,127.03030303030303,1.1540131722274485,1.1540131722274485,0.0,0.0,0.7906963271951564,66,direct,1,tau_l1,0.0005,none,ctrl-direct__pi-1-tau_l1-a0.0005__sf-none-dt2-qm0.15__tau20-lama0.001__a2-m0.02-md0.07-phi-1.5708_1.5708__h200 | control=direct | use_pi_reward=1 | pi_metric=tau_l1 | alpha_pi=0.0005 | safety_filter=none
ctrl-direct__pi-1-tau_l1-a0.0005__sf-none-dt2-qm0.15__tau20-lama0.001__a2-m0.02-md0.07-phi-1.5708_1.5708__h200,2,1000,"[0.642,0.924)",0.48484848484848486,0.29867216533495694,-70.5785066562612,139.62121212121212,1.1801224931103398,1.1801224931103398,0.0,0.0,0.7906963271951564,66,direct,1,tau_l1,0.0005,none,ctrl-direct__pi-1-tau_l1-a0.0005__sf-none-dt2-qm0.15__tau20-lama0.001__a2-m0.02-md0.07-phi-1.5708_1.5708__h200 | control=direct | use_pi_reward=1 | pi_metric=tau_l1 | alpha_pi=0.0005 | safety_filter=none
ctrl-direct__pi-1-tau_l1-a0.0005__sf-none-dt2-qm0.15__tau20-lama0.001__a2-m0.02-md0.07-phi-1.5708_1.5708__h200,3,1000,"[0.642,0.924)",0.6818181818181818,0.1720906132592411,-55.4694897750563,117.07575757575758,1.8272633411147994,1.8272633411147994,0.0,0.0,0.7906963271951564,66,direct,1,tau_l1,0.0005,none,ctrl-direct__pi-1-tau_l1-a0.0005__sf-none-dt2-qm0.15__tau20-lama0.001__a2-m0.02-md0.07-phi-1.5708_1.5708__h200 | control=direct | use_pi_reward=1 | pi_metric=tau_l1 | alpha_pi=0.0005 | safety_filter=none
ctrl-direct__pi-1-tau_l1-a0.0005__sf-none-dt2-qm0.15__tau20-lama0.001__a2-m0.02-md0.07-phi-1.5708_1.5708__h200,4,1000,"[0.642,0.924)",0.45454545454545453,0.21667879432599363,-66.86527150022414,130.27272727272728,1.3950023378263106,1.3950023378263106,0.0,0.0,0.7906963271951564,66,direct,1,tau_l1,0.0005,none,ctrl-direct__pi-1-tau_l1-a0.0005__sf-none-dt2-qm0.15__tau20-lama0.001__a2-m0.02-md0.07-phi-1.5708_1.5708__h200 | control=direct | use_pi_reward=1 | pi_metric=tau_l1 | alpha_pi=0.0005 | safety_filter=none
ctrl-direct__pi-1-tau_l1-a0.0005__sf-none-dt2-qm0.15__tau20-lama0.001__a2-m0.02-md0.07-phi-1.5708_1.5708__h200,0,1000,"[0.924,1.367]",0.029411764705882353,0.6521234593829699,-142.35389789899455,197.0,2.073278190348478,2.073278190348478,0.0,0.0,1.0991447869486801,68,direct,1,tau_l1,0.0005,none,ctrl-direct__pi-1-tau_l1-a0.0005__sf-none-dt2-qm0.15__tau20-lama0.001__a2-m0.02-md0.07-phi-1.5708_1.5708__h200 | control=direct | use_pi_reward=1 | pi_metric=tau_l1 | alpha_pi=0.0005 | safety_filter=none
ctrl-direct__pi-1-tau_l1-a0.0005__sf-none-dt2-qm0.15__tau20-lama0.001__a2-m0.02-md0.07-phi-1.5708_1.5708__h200,1,1000,"[0.924,1.367]",0.35294117647058826,0.510703781136777,-91.73169264572275,165.5441176470588,1.1432720344622145,1.1432720344622145,0.0,0.0,1.0991447869486801,68,direct,1,tau_l1,0.0005,none,ctrl-direct__pi-1-tau_l1-a0.0005__sf-none-dt2-qm0.15__tau20-lama0.001__a2-m0.02-md0.07-phi-1.5708_1.5708__h200 | control=direct | use_pi_reward=1 | pi_metric=tau_l1 | alpha_pi=0.0005 | safety_filter=none
ctrl-direct__pi-1-tau_l1-a0.0005__sf-none-dt2-qm0.15__tau20-lama0.001__a2-m0.02-md0.07-phi-1.5708_1.5708__h200,2,1000,"[0.924,1.367]",0.22058823529411764,0.40557180922105507,-98.25304524333055,175.16176470588235,1.1234815664131714,1.1234815664131714,0.0,0.0,1.0991447869486801,68,direct,1,tau_l1,0.0005,none,ctrl-direct__pi-1-tau_l1-a0.0005__sf-none-dt2-qm0.15__tau20-lama0.001__a2-m0.02-md0.07-phi-1.5708_1.5708__h200 | control=direct | use_pi_reward=1 | pi_metric=tau_l1 | alpha_pi=0.0005 | safety_filter=none
ctrl-direct__pi-1-tau_l1-a0.0005__sf-none-dt2-qm0.15__tau20-lama0.001__a2-m0.02-md0.07-phi-1.5708_1.5708__h200,3,1000,"[0.924,1.367]",0.4117647058823529,0.35422968463281573,-82.01200362592816,150.91176470588235,1.925172019079869,1.925172019079869,0.0,0.0,1.0991447869486801,68,direct,1,tau_l1,0.0005,none,ctrl-direct__pi-1-tau_l1-a0.0005__sf-none-dt2-qm0.15__tau20-lama0.001__a2-m0.02-md0.07-phi-1.5708_1.5708__h200 | control=direct | use_pi_reward=1 | pi_metric=tau_l1 | alpha_pi=0.0005 | safety_filter=none
ctrl-direct__pi-1-tau_l1-a0.0005__sf-none-dt2-qm0.15__tau20-lama0.001__a2-m0.02-md0.07-phi-1.5708_1.5708__h200,4,1000,"[0.924,1.367]",0.38235294117647056,0.40164547406235057,-85.30485692526591,158.48529411764707,1.4384552581106342,1.4384552581106342,0.0,0.0,1.0991447869486801,68,direct,1,tau_l1,0.0005,none,ctrl-direct__pi-1-tau_l1-a0.0005__sf-none-dt2-qm0.15__tau20-lama0.001__a2-m0.02-md0.07-phi-1.5708_1.5708__h200 | control=direct | use_pi_reward=1 | pi_metric=tau_l1 | alpha_pi=0.0005 | safety_filter=none
ctrl-direct__pi-1-tau_l1-a0.0005__sf-proj_box_jointlimit-dt2-qm0.15__tau20-lama0.001__a2-m0.02-md0.07-phi-1.5708_1.5708__h200,0,1000,"[0.087,0.642)",0.5606060606060606,0.2803711679601676,-49.5693208954094,118.18181818181819,1.519182470333959,1.519182470333959,0.13078740924438506,0.178798237164136,0.4537252305637389,66,direct,1,tau_l1,0.0005,proj_box_jointlimit,ctrl-direct__pi-1-tau_l1-a0.0005__sf-proj_box_jointlimit-dt2-qm0.15__tau20-lama0.001__a2-m0.02-md0.07-phi-1.5708_1.5708__h200 | control=direct | use_pi_reward=1 | pi_metric=tau_l1 | alpha_pi=0.0005 | safety_filter=proj_box_jointlimit
ctrl-direct__pi-1-tau_l1-a0.0005__sf-proj_box_jointlimit-dt2-qm0.15__tau20-lama0.001__a2-m0.02-md0.07-phi-1.5708_1.5708__h200,1,1000,"[0.087,0.642)",0.5,0.26697618764922826,-54.11504691922637,142.22727272727272,0.9354234871713373,0.9354234871713373,0.02611877521490147,0.009919205277120298,0.4537252305637389,66,direct,1,tau_l1,0.0005,proj_box_jointlimit,ctrl-direct__pi-1-tau_l1-a0.0005__sf-proj_box_jointlimit-dt2-qm0.15__tau20-lama0.001__a2-m0.02-md0.07-phi-1.5708_1.5708__h200 | control=direct | use_pi_reward=1 | pi_metric=tau_l1 | alpha_pi=0.0005 | safety_filter=proj_box_jointlimit
ctrl-direct__pi-1-tau_l1-a0.0005__sf-proj_box_jointlimit-dt2-qm0.15__tau20-lama0.001__a2-m0.02-md0.07-phi-1.5708_1.5708__h200,2,1000,"[0.087,0.642)",0.5303030303030303,0.36774817507971824,-59.81010127282491,117.72727272727273,1.5791360315296046,1.5791360315296046,0.20398212812903194,0.2800624789627953,0.4537252305637389,66,direct,1,tau_l1,0.0005,proj_box_jointlimit,ctrl-direct__pi-1-tau_l1-a0.0005__sf-proj_box_jointlimit-dt2-qm0.15__tau20-lama0.001__a2-m0.02-md0.07-phi-1.5708_1.5708__h200 | control=direct | use_pi_reward=1 | pi_metric=tau_l1 | alpha_pi=0.0005 | safety_filter=proj_box_jointlimit
ctrl-direct__pi-1-tau_l1-a0.0005__sf-proj_box_jointlimit-dt2-qm0.15__tau20-lama0.001__a2-m0.02-md0.07-phi-1.5708_1.5708__h200,3,1000,"[0.087,0.642)",0.42424242424242425,0.3048506389512203,-57.952140560777124,150.63636363636363,0.6288023203921483,0.6288023203921483,0.011742424242424243,0.003026996201444736,0.4537252305637389,66,direct,1,tau_l1,0.0005,proj_box_jointlimit,ctrl-direct__pi-1-tau_l1-a0.0005__sf-proj_box_jointlimit-dt2-qm0.15__tau20-lama0.001__a2-m0.02-md0.07-phi-1.5708_1.5708__h200 | control=direct | use_pi_reward=1 | pi_metric=tau_l1 | alpha_pi=0.0005 | safety_filter=proj_box_jointlimit
ctrl-direct__pi-1-tau_l1-a0.0005__sf-proj_box_jointlimit-dt2-qm0.15__tau20-lama0.001__a2-m0.02-md0.07-phi-1.5708_1.5708__h200,4,1000,"[0.087,0.642)",0.16666666666666666,0.6005951201238808,-116.37405849921856,169.9848484848485,0.8112124037987498,0.8112124037987498,0.6437121212121212,0.7140820209886974,0.4537252305637389,66,direct,1,tau_l1,0.0005,proj_box_jointlimit,ctrl-direct__pi-1-tau_l1-a0.0005__sf-proj_box_jointlimit-dt2-qm0.15__tau20-lama0.001__a2-m0.02-md0.07-phi-1.5708_1.5708__h200 | control=direct | use_pi_reward=1 | pi_metric=tau_l1 | alpha_pi=0.0005 | safety_filter=proj_box_jointlimit
ctrl-direct__pi-1-tau_l1-a0.0005__sf-proj_box_jointlimit-dt2-qm0.15__tau20-lama0.001__a2-m0.02-md0.07-phi-1.5708_1.5708__h200,0,1000,"[0.642,0.924)",0.4696969696969697,0.3040324621437546,-73.06168375107313,142.36363636363637,1.4978240195463932,1.4978240195463932,0.11627684232090192,0.13156173251049652,0.7906963271951564,66,direct,1,tau_l1,0.0005,proj_box_jointlimit,ctrl-direct__pi-1-tau_l1-a0.0005__sf-proj_box_jointlimit-dt2-qm0.15__tau20-lama0.001__a2-m0.02-md0.07-phi-1.5708_1.5708__h200 | control=direct | use_pi_reward=1 | pi_metric=tau_l1 | alpha_pi=0.0005 | safety_filter=proj_box_jointlimit
ctrl-direct__pi-1-tau_l1-a0.0005__sf-proj_box_jointlimit-dt2-qm0.15__tau20-lama0.001__a2-m0.02-md0.07-phi-1.5708_1.5708__h200,1,1000,"[0.642,0.924)",0.3333333333333333,0.36990320831337836,-79.74771380982693,150.87878787878788,1.1085123073720893,1.1085123073720893,0.030857574883467038,0.010815876550205236,0.7906963271951564,66,direct,1,tau_l1,0.0005,proj_box_jointlimit,ctrl-direct__pi-1-tau_l1-a0.0005__sf-proj_box_jointlimit-dt2-qm0.15__tau20-lama0.001__a2-m0.02-md0.07-phi-1.5708_1.5708__h200 | control=direct | use_pi_reward=1 | pi_metric=tau_l1 | alpha_pi=0.0005 | safety_filter=proj_box_jointlimit
ctrl-direct__pi-1-tau_l1-a0.0005__sf-proj_box_jointlimit-dt2-qm0.15__tau20-lama0.001__a2-m0.02-md0.07-phi-1.5708_1.5708__h200,2,1000,"[0.642,0.924)",0.5454545454545454,0.2937016639446231,-66.10779522799072,121.98484848484848,1.5739976187327283,1.5739976187327283,0.17648608267598098,0.14890830401981472,0.7906963271951564,66,direct,1,tau_l1,0.0005,proj_box_jointlimit,ctrl-direct__pi-1-tau_l1-a0.0005__sf-proj_box_jointlimit-dt2-qm0.15__tau20-lama0.001__a2-m0.02-md0.07-phi-1.5708_1.5708__h200 | control=direct | use_pi_reward=1 | pi_metric=tau_l1 | alpha_pi=0.0005 | safety_filter=proj_box_jointlimit
ctrl-direct__pi-1-tau_l1-a0.0005__sf-proj_box_jointlimit-dt2-qm0.15__tau20-lama0.001__a2-m0.02-md0.07-phi-1.5708_1.5708__h200,3,1000,"[0.642,0.924)",0.4393939393939394,0.31630817664294986,-78.50331201789132,146.28787878787878,0.756930703698813,0.756930703698813,0.019545454545454546,0.008937705046145768,0.7906963271951564,66,direct,1,tau_l1,0.0005,proj_box_jointlimit,ctrl-direct__pi-1-tau_l1-a0.0005__sf-proj_box_jointlimit-dt2-qm0.15__tau20-lama0.001__a2-m0.02-md0.07-phi-1.5708_1.5708__h200 | control=direct | use_pi_reward=1 | pi_metric=tau_l1 | alpha_pi=0.0005 | safety_filter=proj_box_jointlimit
ctrl-direct__pi-1-tau_l1-a0.0005__sf-proj_box_jointlimit-dt2-qm0.15__tau20-lama0.001__a2-m0.02-md0.07-phi-1.5708_1.5708__h200,4,1000,"[0.642,0.924)",0.06060606060606061,0.5265979370066933,-113.02232114453128,190.1060606060606,0.8167081811880561,0.8167081811880561,0.6346969696969698,0.8122431791130766,0.7906963271951564,66,direct,1,tau_l1,0.0005,proj_box_jointlimit,ctrl-direct__pi-1-tau_l1-a0.0005__sf-proj_box_jointlimit-dt2-qm0.15__tau20-lama0.001__a2-m0.02-md0.07-phi-1.5708_1.5708__h200 | control=direct | use_pi_reward=1 | pi_metric=tau_l1 | alpha_pi=0.0005 | safety_filter=proj_box_jointlimit
ctrl-direct__pi-1-tau_l1-a0.0005__sf-proj_box_jointlimit-dt2-qm0.15__tau20-lama0.001__a2-m0.02-md0.07-phi-1.5708_1.5708__h200,0,1000,"[0.924,1.367]",0.27941176470588236,0.4612683961008456,-93.93513131545241,165.97058823529412,1.7541664066642184,1.7541664066642184,0.17835557931114102,0.1866764386883419,1.0991447869486801,68,direct,1,tau_l1,0.0005,proj_box_jointlimit,ctrl-direct__pi-1-tau_l1-a0.0005__sf-proj_box_jointlimit-dt2-qm0.15__tau20-lama0.001__a2-m0.02-md0.07-phi-1.5708_1.5708__h200 | control=direct | use_pi_reward=1 | pi_metric=tau_l1 | alpha_pi=0.0005 | safety_filter=proj_box_jointlimit
ctrl-direct__pi-1-tau_l1-a0.0005__sf-proj_box_jointlimit-dt2-qm0.15__tau20-lama0.001__a2-m0.02-md0.07-phi-1.5708_1.5708__h200,1,1000,"[0.924,1.367]",0.22058823529411764,0.461916559164522,-96.90265740360114,176.5441176470588,1.137754072795196,1.137754072795196,0.04612608824188271,0.01679311751586629,1.0991447869486801,68,direct,1,tau_l1,0.0005,proj_box_jointlimit,ctrl-direct__pi-1-tau_l1-a0.0005__sf-proj_box_jointlimit-dt2-qm0.15__tau20-lama0.001__a2-m0.02-md0.07-phi-1.5708_1.5708__h200 | control=direct | use_pi_reward=1 | pi_metric=tau_l1 | alpha_pi=0.0005 | safety_filter=proj_box_jointlimit
ctrl-direct__pi-1-tau_l1-a0.0005__sf-proj_box_jointlimit-dt2-qm0.15__tau20-lama0.001__a2-m0.02-md0.07-phi-1.5708_1.5708__h200,2,1000,"[0.924,1.367]",0.16176470588235295,0.47022137848776224,-114.7680890657818,183.02941176470588,1.1607677491630695,1.1607677491630695,0.19625277353552162,0.07977232164793367,1.0991447869486801,68,direct,1,tau_l1,0.0005,proj_box_jointlimit,ctrl-direct__pi-1-tau_l1-a0.0005__sf-proj_box_jointlimit-dt2-qm0.15__tau20-lama0.001__a2-m0.02-md0.07-phi-1.5708_1.5708__h200 | control=direct | use_pi_reward=1 | pi_metric=tau_l1 | alpha_pi=0.0005 | safety_filter=proj_box_jointlimit
ctrl-direct__pi-1-tau_l1-a0.0005__sf-proj_box_jointlimit-dt2-qm0.15__tau20-lama0.001__a2-m0.02-md0.07-phi-1.5708_1.5708__h200,3,1000,"[0.924,1.367]",0.19117647058823528,0.5288835051762617,-106.60708268343284,183.4558823529412,0.8827100261020215,0.8827100261020215,0.11840297549217971,0.06928994754224635,1.0991447869486801,68,direct,1,tau_l1,0.0005,proj_box_jointlimit,ctrl-direct__pi-1-tau_l1-a0.0005__sf-proj_box_jointlimit-dt2-qm0.15__tau20-lama0.001__a2-m0.02-md0.07-phi-1.5708_1.5708__h200 | control=direct | use_pi_reward=1 | pi_metric=tau_l1 | alpha_pi=0.0005 | safety_filter=proj_box_jointlimit
ctrl-direct__pi-1-tau_l1-a0.0005__sf-proj_box_jointlimit-dt2-qm0.15__tau20-lama0.001__a2-m0.02-md0.07-phi-1.5708_1.5708__h200,4,1000,"[0.924,1.367]",0.014705882352941176,0.7027710435782477,-162.32728036222878,197.58823529411765,0.9496970742877902,0.9496970742877902,0.6134967320261437,1.082774307002725,1.0991447869486801,68,direct,1,tau_l1,0.0005,proj_box_jointlimit,ctrl-direct__pi-1-tau_l1-a0.0005__sf-proj_box_jointlimit-dt2-qm0.15__tau20-lama0.001__a2-m0.02-md0.07-phi-1.5708_1.5708__h200 | control=direct | use_pi_reward=1 | pi_metric=tau_l1 | alpha_pi=0.0005 | safety_filter=proj_box_jointlimit
ctrl-residual__pi-0-tau_l1-a0.0005__sf-none-dt2-qm0.15__pd-kp10-kd1-elauto__tau20-lama0.001__a2-m0.02-md0.07-phi-1.5708_1.5708__h200,0,1000,"[0.087,0.642)",0.8636363636363636,0.05970412733207794,-9.82841433256967,52.10606060606061,2.244541494702676,0.0,0.0,0.0,0.4537252305637389,66,residual,0,tau_l1,0.0,none,ctrl-residual__pi-0-tau_l1-a0.0005__sf-none-dt2-qm0.15__pd-kp10-kd1-elauto__tau20-lama0.001__a2-m0.02-md0.07-phi-1.5708_1.5708__h200 | control=residual | use_pi_reward=0 | pi_metric=tau_l1 | alpha_pi=0.0 | safety_filter=none
ctrl-residual__pi-0-tau_l1-a0.0005__sf-none-dt2-qm0.15__pd-kp10-kd1-elauto__tau20-lama0.001__a2-m0.02-md0.07-phi-1.5708_1.5708__h200,1,1000,"[0.087,0.642)",0.8636363636363636,0.06219509495752183,-10.714021564650055,55.21212121212121,1.8821690847541983,0.0,0.0,0.0,0.4537252305637389,66,residual,0,tau_l1,0.0,none,ctrl-residual__pi-0-tau_l1-a0.0005__sf-none-dt2-qm0.15__pd-kp10-kd1-elauto__tau20-lama0.001__a2-m0.02-md0.07-phi-1.5708_1.5708__h200 | control=residual | use_pi_reward=0 | pi_metric=tau_l1 | alpha_pi=0.0 | safety_filter=none
ctrl-residual__pi-0-tau_l1-a0.0005__sf-none-dt2-qm0.15__pd-kp10-kd1-elauto__tau20-lama0.001__a2-m0.02-md0.07-phi-1.5708_1.5708__h200,2,1000,"[0.087,0.642)",0.8181818181818182,0.06351076197978342,-10.63970376334875,60.03030303030303,2.3654509670100357,0.0,0.0,0.0,0.4537252305637389,66,residual,0,tau_l1,0.0,none,ctrl-residual__pi-0-tau_l1-a0.0005__sf-none-dt2-qm0.15__pd-kp10-kd1-elauto__tau20-lama0.001__a2-m0.02-md0.07-phi-1.5708_1.5708__h200 | control=residual | use_pi_reward=0 | pi_metric=tau_l1 | alpha_pi=0.0 | safety_filter=none
ctrl-residual__pi-0-tau_l1-a0.0005__sf-none-dt2-qm0.15__pd-kp10-kd1-elauto__tau20-lama0.001__a2-m0.02-md0.07-phi-1.5708_1.5708__h200,3,1000,"[0.087,0.642)",1.0,0.046134313438471984,-7.131648660839879,30.818181818181817,2.249357103733758,0.0,0.0,0.0,0.4537252305637389,66,residual,0,tau_l1,0.0,none,ctrl-residual__pi-0-tau_l1-a0.0005__sf-none-dt2-qm0.15__pd-kp10-kd1-elauto__tau20-lama0.001__a2-m0.02-md0.07-phi-1.5708_1.5708__h200 | control=residual | use_pi_reward=0 | pi_metric=tau_l1 | alpha_pi=0.0 | safety_filter=none
ctrl-residual__pi-0-tau_l1-a0.0005__sf-none-dt2-qm0.15__pd-kp10-kd1-elauto__tau20-lama0.001__a2-m0.02-md0.07-phi-1.5708_1.5708__h200,4,1000,"[0.087,0.642)",0.8636363636363636,0.05774125066728128,-9.838557635734936,54.22727272727273,2.118900413960446,0.0,0.0,0.0,0.4537252305637389,66,residual,0,tau_l1,0.0,none,ctrl-residual__pi-0-tau_l1-a0.0005__sf-none-dt2-qm0.15__pd-kp10-kd1-elauto__tau20-lama0.001__a2-m0.02-md0.07-phi-1.5708_1.5708__h200 | control=residual | use_pi_reward=0 | pi_metric=tau_l1 | alpha_pi=0.0 | safety_filter=none
ctrl-residual__pi-0-tau_l1-a0.0005__sf-none-dt2-qm0.15__pd-kp10-kd1-elauto__tau20-lama0.001__a2-m0.02-md0.07-phi-1.5708_1.5708__h200,0,1000,"[0.642,0.924)",0.9696969696969697,0.04815326231104997,-14.00653519941441,40.04545454545455,2.930087721653085,0.0,0.0,0.0,0.7906963271951564,66,residual,0,tau_l1,0.0,none,ctrl-residual__pi-0-tau_l1-a0.0005__sf-none-dt2-qm0.15__pd-kp10-kd1-elauto__tau20-lama0.001__a2-m0.02-md0.07-phi-1.5708_1.5708__h200 | control=residual | use_pi_reward=0 | pi_metric=tau_l1 | alpha_pi=0.0 | safety_filter=none
ctrl-residual__pi-0-tau_l1-a0.0005__sf-none-dt2-qm0.15__pd-kp10-kd1-elauto__tau20-lama0.001__a2-m0.02-md0.07-phi-1.5708_1.5708__h200,1,1000,"[0.642,0.924)",0.9545454545454546,0.05206328714522214,-15.506972535528876,45.75757575757576,2.3750269799109978,0.0,0.0,0.0,0.7906963271951564,66,residual,0,tau_l1,0.0,none,ctrl-residual__pi-0-tau_l1-a0.0005__sf-none-dt2-qm0.15__pd-kp10-kd1-elauto__tau20-lama0.001__a2-m0.02-md0.07-phi-1.5708_1.5708__h200 | control=residual | use_pi_reward=0 | pi_metric=tau_l1 | alpha_pi=0.0 | safety_filter=none
ctrl-residual__pi-0-tau_l1-a0.0005__sf-none-dt2-qm0.15__pd-kp10-kd1-elauto__tau20-lama0.001__a2-m0.02-md0.07-phi-1.5708_1.5708__h200,2,1000,"[0.642,0.924)",0.9545454545454546,0.050010766959041573,-14.194821942040955,42.36363636363637,3.0706483350016724,0.0,0.0,0.0,0.7906963271951564,66,residual,0,tau_l1,0.0,none,ctrl-residual__pi-0-tau_l1-a0.0005__sf-none-dt2-qm0.15__pd-kp10-kd1-elauto__tau20-lama0.001__a2-m0.02-md0.07-phi-1.5708_1.5708__h200 | control=residual | use_pi_reward=0 | pi_metric=tau_l1 | alpha_pi=0.0 | safety_filter=none
ctrl-residual__pi-0-tau_l1-a0.0005__sf-none-dt2-qm0.15__pd-kp10-kd1-elauto__tau20-lama0.001__a2-m0.02-md0.07-phi-1.5708_1.5708__h200,3,1000,"[0.642,0.924)",1.0,0.04381044052954073,-13.804128063332833,37.40909090909091,2.649566013925046,0.0,0.0,0.0,0.7906963271951564,66,residual,0,tau_l1,0.0,none,ctrl-residual__pi-0-tau_l1-a0.0005__sf-none-dt2-qm0.15__pd-kp10-kd1-elauto__tau20-lama0.001__a2-m0.02-md0.07-phi-1.5708_1.5708__h200 | control=residual | use_pi_reward=0 | pi_metric=tau_l1 | alpha_pi=0.0 | safety_filter=none
ctrl-residual__pi-0-tau_l1-a0.0005__sf-none-dt2-qm0.15__pd-kp10-kd1-elauto__tau20-lama0.001__a2-m0.02-md0.07-phi-1.5708_1.5708__h200,4,1000,"[0.642,0.924)",1.0,0.04346280188277685,-13.476470126086312,36.22727272727273,2.8096004368774627,0.0,0.0,0.0,0.7906963271951564,66,residual,0,tau_l1,0.0,none,ctrl-residual__pi-0-tau_l1-a0.0005__sf-none-dt2-qm0.15__pd-kp10-kd1-elauto__tau20-lama0.001__a2-m0.02-md0.07-phi-1.5708_1.5708__h200 | control=residual | use_pi_reward=0 | pi_metric=tau_l1 | alpha_pi=0.0 | safety_filter=none
ctrl-residual__pi-0-tau_l1-a0.0005__sf-none-dt2-qm0.15__pd-kp10-kd1-elauto__tau20-lama0.001__a2-m0.02-md0.07-phi-1.5708_1.5708__h200,0,1000,"[0.924,1.367]",1.0,0.04135379041674062,-16.473632263351305,30.808823529411764,4.503480028746521,0.0,0.0,0.0,1.0991447869486801,68,residual,0,tau_l1,0.0,none,ctrl-residual__pi-0-tau_l1-a0.0005__sf-none-dt2-qm0.15__pd-kp10-kd1-elauto__tau20-lama0.001__a2-m0.02-md0.07-phi-1.5708_1.5708__h200 | control=residual | use_pi_reward=0 | pi_metric=tau_l1 | alpha_pi=0.0 | safety_filter=none
ctrl-residual__pi-0-tau_l1-a0.0005__sf-none-dt2-qm0.15__pd-kp10-kd1-elauto__tau20-lama0.001__a2-m0.02-md0.07-phi-1.5708_1.5708__h200,1,1000,"[0.924,1.367]",1.0,0.03864993643390321,-18.06764446886989,34.0,3.80728871837883,0.0,0.0,0.0,1.0991447869486801,68,residual,0,tau_l1,0.0,none,ctrl-residual__pi-0-tau_l1-a0.0005__sf-none-dt2-qm0.15__pd-kp10-kd1-elauto__tau20-lama0.001__a2-m0.02-md0.07-phi-1.5708_1.5708__h200 | control=residual | use_pi_reward=0 | pi_metric=tau_l1 | alpha_pi=0.0 | safety_filter=none
ctrl-residual__pi-0-tau_l1-a0.0005__sf-none-dt2-qm0.15__pd-kp10-kd1-elauto__tau20-lama0.001__a2-m0.02-md0.07-phi-1.5708_1.5708__h200,2,1000,"[0.924,1.367]",0.9852941176470589,0.038296192681401754,-17.08422413776414,33.36764705882353,4.558313370406043,0.0,0.0,0.0,1.0991447869486801,68,residual,0,tau_l1,0.0,none,ctrl-residual__pi-0-tau_l1-a0.0005__sf-none-dt2-qm0.15__pd-kp10-kd1-elauto__tau20-lama0.001__a2-m0.02-md0.07-phi-1.5708_1.5708__h200 | control=residual | use_pi_reward=0 | pi_metric=tau_l1 | alpha_pi=0.0 | safety_filter=none
ctrl-residual__pi-0-tau_l1-a0.0005__sf-none-dt2-qm0.15__pd-kp10-kd1-elauto__tau20-lama0.001__a2-m0.02-md0.07-phi-1.5708_1.5708__h200,3,1000,"[0.924,1.367]",1.0,0.04008229731764944,-17.73580317682493,33.64705882352941,3.9577705493674906,0.0,0.0,0.0,1.0991447869486801,68,residual,0,tau_l1,0.0,none,ctrl-residual__pi-0-tau_l1-a0.0005__sf-none-dt2-qm0.15__pd-kp10-kd1-elauto__tau20-lama0.001__a2-m0.02-md0.07-phi-1.5708_1.5708__h200 | control=residual | use_pi_reward=0 | pi_metric=tau_l1 | alpha_pi=0.0 | safety_filter=none
ctrl-residual__pi-0-tau_l1-a0.0005__sf-none-dt2-qm0.15__pd-kp10-kd1-elauto__tau20-lama0.001__a2-m0.02-md0.07-phi-1.5708_1.5708__h200,4,1000,"[0.924,1.367]",1.0,0.03944172790268133,-17.266840761811576,32.63235294117647,4.237316851360571,0.0,0.0,0.0,1.0991447869486801,68,residual,0,tau_l1,0.0,none,ctrl-residual__pi-0-tau_l1-a0.0005__sf-none-dt2-qm0.15__pd-kp10-kd1-elauto__tau20-lama0.001__a2-m0.02-md0.07-phi-1.5708_1.5708__h200 | control=residual | use_pi_reward=0 | pi_metric=tau_l1 | alpha_pi=0.0 | safety_filter=none
ctrl-residual__pi-0-tau_l1-a0.0005__sf-proj_box_jointlimit-dt2-qm0.15__pd-kp10-kd1-elauto__tau20-lama0.001__a2-m0.02-md0.07-phi-1.5708_1.5708__h200,0,1000,"[0.087,0.642)",0.7272727272727273,0.07903649744964271,-14.372703923294706,77.96969696969697,1.5362422504498843,0.0,0.2229228175894622,1.1532238527850105,0.4537252305637389,66,residual,0,tau_l1,0.0,proj_box_jointlimit,ctrl-residual__pi-0-tau_l1-a0.0005__sf-proj_box_jointlimit-dt2-qm0.15__pd-kp10-kd1-elauto__tau20-lama0.001__a2-m0.02-md0.07-phi-1.5708_1.5708__h200 | control=residual | use_pi_reward=0 | pi_metric=tau_l1 | alpha_pi=0.0 | safety_filter=proj_box_jointlimit
ctrl-residual__pi-0-tau_l1-a0.0005__sf-proj_box_jointlimit-dt2-qm0.15__pd-kp10-kd1-elauto__tau20-lama0.001__a2-m0.02-md0.07-phi-1.5708_1.5708__h200,1,1000,"[0.087,0.642)",0.9696969696969697,0.04825433094013071,-8.032259847508865,36.803030303030305,1.8744361414177062,0.0,0.2985648052964684,1.6253285108191984,0.4537252305637389,66,residual,0,tau_l1,0.0,proj_box_jointlimit,ctrl-residual__pi-0-tau_l1-a0.0005__sf-proj_box_jointlimit-dt2-qm0.15__pd-kp10-kd1-elauto__tau20-lama0.001__a2-m0.02-md0.07-phi-1.5708_1.5708__h200 | control=residual | use_pi_reward=0 | pi_metric=tau_l1 | alpha_pi=0.0 | safety_filter=proj_box_jointlimit
ctrl-residual__pi-0-tau_l1-a0.0005__sf-proj_box_jointlimit-dt2-qm0.15__pd-kp10-kd1-elauto__tau20-lama0.001__a2-m0.02-md0.07-phi-1.5708_1.5708__h200,2,1000,"[0.087,0.642)",0.9696969696969697,0.04898671475641433,-8.586703676606115,39.833333333333336,1.713981816567545,0.0,0.2674474836202823,1.441604734646715,0.4537252305637389,66,residual,0,tau_l1,0.0,proj_box_jointlimit,ctrl-residual__pi-0-tau_l1-a0.0005__sf-proj_box_jointlimit-dt2-qm0.15__pd-kp10-kd1-elauto__tau20-lama0.001__a2-m0.02-md0.07-phi-1.5708_1.5708__h200 | control=residual | use_pi_reward=0 | pi_metric=tau_l1 | alpha_pi=0.0 | safety_filter=proj_box_jointlimit
ctrl-residual__pi-0-tau_l1-a0.0005__sf-proj_box_jointlimit-dt2-qm0.15__pd-kp10-kd1-elauto__tau20-lama0.001__a2-m0.02-md0.07-phi-1.5708_1.5708__h200,3,1000,"[0.087,0.642)",0.8939393939393939,0.0556042338779986,-9.404242094576201,48.25757575757576,1.9916268525847407,0.0,0.30129182018898054,1.7614655324251236,0.4537252305637389,66,residual,0,tau_l1,0.0,proj_box_jointlimit,ctrl-residual__pi-0-tau_l1-a0.0005__sf-proj_box_jointlimit-dt2-qm0.15__pd-kp10-kd1-elauto__tau20-lama0.001__a2-m0.02-md0.07-phi-1.5708_1.5708__h200 | control=residual | use_pi_reward=0 | pi_metric=tau_l1 | alpha_pi=0.0 | safety_filter=proj_box_jointlimit
ctrl-residual__pi-0-tau_l1-a0.0005__sf-proj_box_jointlimit-dt2-qm0.15__pd-kp10-kd1-elauto__tau20-lama0.001__a2-m0.02-md0.07-phi-1.5708_1.5708__h200,4,1000,"[0.087,0.642)",0.8636363636363636,0.057898922483842645,-10.319021168394585,55.57575757575758,1.7902011956976838,0.0,0.26612694482884497,1.4324951006551319,0.4537252305637389,66,residual,0,tau_l1,0.0,proj_box_jointlimit,ctrl-residual__pi-0-tau_l1-a0.0005__sf-proj_box_jointlimit-dt2-qm0.15__pd-kp10-kd1-elauto__tau20-lama0.001__a2-m0.02-md0.07-phi-1.5708_1.5708__h200 | control=residual | use_pi_reward=0 | pi_metric=tau_l1 | alpha_pi=0.0 | safety_filter=proj_box_jointlimit
ctrl-residual__pi-0-tau_l1-a0.0005__sf-proj_box_jointlimit-dt2-qm0.15__pd-kp10-kd1-elauto__tau20-lama0.001__a2-m0.02-md0.07-phi-1.5708_1.5708__h200,0,1000,"[0.642,0.924)",0.9393939393939394,0.0582977684529708,-16.52383101158144,47.36363636363637,2.517703088594079,0.0,0.34138586927035053,2.912001337647813,0.7906963271951564,66,residual,0,tau_l1,0.0,proj_box_jointlimit,ctrl-residual__pi-0-tau_l1-a0.0005__sf-proj_box_jointlimit-dt2-qm0.15__pd-kp10-kd1-elauto__tau20-lama0.001__a2-m0.02-md0.07-phi-1.5708_1.5708__h200 | control=residual | use_pi_reward=0 | pi_metric=tau_l1 | alpha_pi=0.0 | safety_filter=proj_box_jointlimit
ctrl-residual__pi-0-tau_l1-a0.0005__sf-proj_box_jointlimit-dt2-qm0.15__pd-kp10-kd1-elauto__tau20-lama0.001__a2-m0.02-md0.07-phi-1.5708_1.5708__h200,1,1000,"[0.642,0.924)",1.0,0.044111965468007434,-13.977475204115635,37.28787878787879,2.613120377848992,0.0,0.3554801898285781,3.0092978338905634,0.7906963271951564,66,residual,0,tau_l1,0.0,proj_box_jointlimit,ctrl-residual__pi-0-tau_l1-a0.0005__sf-proj_box_jointlimit-dt2-qm0.15__pd-kp10-kd1-elauto__tau20-lama0.001__a2-m0.02-md0.07-phi-1.5708_1.5708__h200 | control=residual | use_pi_reward=0 | pi_metric=tau_l1 | alpha_pi=0.0 | safety_filter=proj_box_jointlimit
ctrl-residual__pi-0-tau_l1-a0.0005__sf-proj_box_jointlimit-dt2-qm0.15__pd-kp10-kd1-elauto__tau20-lama0.001__a2-m0.02-md0.07-phi-1.5708_1.5708__h200,2,1000,"[0.642,0.924)",0.8636363636363636,0.06489972417812784,-18.769708352900953,62.81818181818182,2.238568746457595,0.0,0.29237430705089684,2.486386834655369,0.7906963271951564,66,residual,0,tau_l1,0.0,proj_box_jointlimit,ctrl-residual__pi-0-tau_l1-a0.0005__sf-proj_box_jointlimit-dt2-qm0.15__pd-kp10-kd1-elauto__tau20-lama0.001__a2-m0.02-md0.07-phi-1.5708_1.5708__h200 | control=residual | use_pi_reward=0 | pi_metric=tau_l1 | alpha_pi=0.0 | safety_filter=proj_box_jointlimit
ctrl-residual__pi-0-tau_l1-a0.0005__sf-proj_box_jointlimit-dt2-qm0.15__pd-kp10-kd1-elauto__tau20-lama0.001__a2-m0.02-md0.07-phi-1.5708_1.5708__h200,3,1000,"[0.642,0.924)",1.0,0.044627335381629774,-13.240233730662881,35.31818181818182,3.090382872861566,0.0,0.4493987437700715,4.086059107717067,0.7906963271951564,66,residual,0,tau_l1,0.0,proj_box_jointlimit,ctrl-residual__pi-0-tau_l1-a0.0005__sf-proj_box_jointlimit-dt2-qm0.15__pd-kp10-kd1-elauto__tau20-lama0.001__a2-m0.02-md0.07-phi-1.5708_1.5708__h200 | control=residual | use_pi_reward=0 | pi_metric=tau_l1 | alpha_pi=0.0 | safety_filter=proj_box_jointlimit
ctrl-residual__pi-0-tau_l1-a0.0005__sf-proj_box_jointlimit-dt2-qm0.15__pd-kp10-kd1-elauto__tau20-lama0.001__a2-m0.02-md0.07-phi-1.5708_1.5708__h200,4,1000,"[0.642,0.924)",0.9848484848484849,0.04625197530414232,-14.327483712015555,40.0,2.7378575802264824,0.0,0.3736626354783488,3.2316057005186773,0.7906963271951564,66,residual,0,tau_l1,0.0,proj_box_jointlimit,ctrl-residual__pi-0-tau_l1-a0.0005__sf-proj_box_jointlimit-dt2-qm0.15__pd-kp10-kd1-elauto__tau20-lama0.001__a2-m0.02-md0.07-phi-1.5708_1.5708__h200 | control=residual | use_pi_reward=0 | pi_metric=tau_l1 | alpha_pi=0.0 | safety_filter=proj_box_jointlimit
ctrl-residual__pi-0-tau_l1-a0.0005__sf-proj_box_jointlimit-dt2-qm0.15__pd-kp10-kd1-elauto__tau20-lama0.001__a2-m0.02-md0.07-phi-1.5708_1.5708__h200,0,1000,"[0.924,1.367]",1.0,0.04128745233624502,-19.159408438846064,34.161764705882355,3.7708636930562296,0.0,0.3549154180056364,2.699170149006618,1.0991447869486801,68,residual,0,tau_l1,0.0,proj_box_jointlimit,ctrl-residual__pi-0-tau_l1-a0.0005__sf-proj_box_jointlimit-dt2-qm0.15__pd-kp10-kd1-elauto__tau20-lama0.001__a2-m0.02-md0.07-phi-1.5708_1.5708__h200 | control=residual | use_pi_reward=0 | pi_metric=tau_l1 | alpha_pi=0.0 | safety_filter=proj_box_jointlimit
ctrl-residual__pi-0-tau_l1-a0.0005__sf-proj_box_jointlimit-dt2-qm0.15__pd-kp10-kd1-elauto__tau20-lama0.001__a2-m0.02-md0.07-phi-1.5708_1.5708__h200,1,1000,"[0.924,1.367]",0.9558823529411765,0.06244721210471106,-22.91609299802188,43.029411764705884,3.5036416181876326,0.0,0.34089554964500934,2.6962789794046222,1.0991447869486801,68,residual,0,tau_l1,0.0,proj_box_jointlimit,ctrl-residual__pi-0-tau_l1-a0.0005__sf-proj_box_jointlimit-dt2-qm0.15__pd-kp10-kd1-elauto__tau20-lama0.001__a2-m0.02-md0.07-phi-1.5708_1.5708__h200 | control=residual | use_pi_reward=0 | pi_metric=tau_l1 | alpha_pi=0.0 | safety_filter=proj_box_jointlimit
ctrl-residual__pi-0-tau_l1-a0.0005__sf-proj_box_jointlimit-dt2-qm0.15__pd-kp10-kd1-elauto__tau20-lama0.001__a2-m0.02-md0.07-phi-1.5708_1.5708__h200,2,1000,"[0.924,1.367]",0.9705882352941176,0.04615100045647145,-21.369271222769445,42.25,3.4251970314770612,0.0,0.30122154220333275,2.3121158852639834,1.0991447869486801,68,residual,0,tau_l1,0.0,proj_box_jointlimit,ctrl-residual__pi-0-tau_l1-a0.0005__sf-proj_box_jointlimit-dt2-qm0.15__pd-kp10-kd1-elauto__tau20-lama0.001__a2-m0.02-md0.07-phi-1.5708_1.5708__h200 | control=residual | use_pi_reward=0 | pi_metric=tau_l1 | alpha_pi=0.0 | safety_filter=proj_box_jointlimit
ctrl-residual__pi-0-tau_l1-a0.0005__sf-proj_box_jointlimit-dt2-qm0.15__pd-kp10-kd1-elauto__tau20-lama0.001__a2-m0.02-md0.07-phi-1.5708_1.5708__h200,3,1000,"[0.924,1.367]",0.9411764705882353,0.07044968593979911,-23.495438980176583,44.30882352941177,3.6574089816573614,0.0,0.36314947569686806,2.955506605892047,1.0991447869486801,68,residual,0,tau_l1,0.0,proj_box_jointlimit,ctrl-residual__pi-0-tau_l1-a0.0005__sf-proj_box_jointlimit-dt2-qm0.15__pd-kp10-kd1-elauto__tau20-lama0.001__a2-m0.02-md0.07-phi-1.5708_1.5708__h200 | control=residual | use_pi_reward=0 | pi_metric=tau_l1 | alpha_pi=0.0 | safety_filter=proj_box_jointlimit
ctrl-residual__pi-0-tau_l1-a0.0005__sf-proj_box_jointlimit-dt2-qm0.15__pd-kp10-kd1-elauto__tau20-lama0.001__a2-m0.02-md0.07-phi-1.5708_1.5708__h200,4,1000,"[0.924,1.367]",1.0,0.03944164116846929,-19.25028311222175,34.73529411764706,3.8219741832469984,0.0,0.365613912013181,2.8190803748176205,1.0991447869486801,68,residual,0,tau_l1,0.0,proj_box_jointlimit,ctrl-residual__pi-0-tau_l1-a0.0005__sf-proj_box_jointlimit-dt2-qm0.15__pd-kp10-kd1-elauto__tau20-lama0.001__a2-m0.02-md0.07-phi-1.5708_1.5708__h200 | control=residual | use_pi_reward=0 | pi_metric=tau_l1 | alpha_pi=0.0 | safety_filter=proj_box_jointlimit
ctrl-residual__pi-1-tau_l1-a0.0005__sf-none-dt2-qm0.15__pd-kp10-kd1-elauto__tau20-lama0.001__a2-m0.02-md0.07-phi-1.5708_1.5708__h200,0,1000,"[0.087,0.642)",0.7727272727272727,0.06554336444869996,-11.501172901910035,68.39393939393939,1.9890336639892825,1.9890336639892825,0.0,0.0,0.4537252305637389,66,residual,1,tau_l1,0.0005,none,ctrl-residual__pi-1-tau_l1-a0.0005__sf-none-dt2-qm0.15__pd-kp10-kd1-elauto__tau20-lama0.001__a2-m0.02-md0.07-phi-1.5708_1.5708__h200 | control=residual | use_pi_reward=1 | pi_metric=tau_l1 | alpha_pi=0.0005 | safety_filter=none
ctrl-residual__pi-1-tau_l1-a0.0005__sf-none-dt2-qm0.15__pd-kp10-kd1-elauto__tau20-lama0.001__a2-m0.02-md0.07-phi-1.5708_1.5708__h200,1,1000,"[0.087,0.642)",0.9696969696969697,0.049714728756886324,-7.796280090499232,34.93939393939394,2.290414878499364,2.290414878499364,0.0,0.0,0.4537252305637389,66,residual,1,tau_l1,0.0005,none,ctrl-residual__pi-1-tau_l1-a0.0005__sf-none-dt2-qm0.15__pd-kp10-kd1-elauto__tau20-lama0.001__a2-m0.02-md0.07-phi-1.5708_1.5708__h200 | control=residual | use_pi_reward=1 | pi_metric=tau_l1 | alpha_pi=0.0005 | safety_filter=none
ctrl-residual__pi-1-tau_l1-a0.0005__sf-none-dt2-qm0.15__pd-kp10-kd1-elauto__tau20-lama0.001__a2-m0.02-md0.07-phi-1.5708_1.5708__h200,2,1000,"[0.087,0.642)",0.9242424242424242,0.05249076291737776,-8.77401572455933,45.27272727272727,2.0948006088210214,2.0948006088210214,0.0,0.0,0.4537252305637389,66,residual,1,tau_l1,0.0005,none,ctrl-residual__pi-1-tau_l1-a0.0005__sf-none-dt2-qm0.15__pd-kp10-kd1-elauto__tau20-lama0.001__a2-m0.02-md0.07-phi-1.5708_1.5708__h200 | control=residual | use_pi_reward=1 | pi_metric=tau_l1 | alpha_pi=0.0005 | safety_filter=none
ctrl-residual__pi-1-tau_l1-a0.0005__sf-none-dt2-qm0.15__pd-kp10-kd1-elauto__tau20-lama0.001__a2-m0.02-md0.07-phi-1.5708_1.5708__h200,3,1000,"[0.087,0.642)",0.8636363636363636,0.06052908225488751,-9.87920210277324,52.40909090909091,2.288808932315435,2.288808932315435,0.0,0.0,0.4537252305637389,66,residual,1,tau_l1,0.0005,none,ctrl-residual__pi-1-tau_l1-a0.0005__sf-none-dt2-qm0.15__pd-kp10-kd1-elauto__tau20-lama0.001__a2-m0.02-md0.07-phi-1.5708_1.5708__h200 | control=residual | use_pi_reward=1 | pi_metric=tau_l1 | alpha_pi=0.0005 | safety_filter=none
ctrl-residual__pi-1-tau_l1-a0.0005__sf-none-dt2-qm0.15__pd-kp10-kd1-elauto__tau20-lama0.001__a2-m0.02-md0.07-phi-1.5708_1.5708__h200,4,1000,"[0.087,0.642)",0.9090909090909091,0.052919155392297794,-8.851518761698053,45.75757575757576,2.22298773319073,2.22298773319073,0.0,0.0,0.4537252305637389,66,residual,1,tau_l1,0.0005,none,ctrl-residual__pi-1-tau_l1-a0.0005__sf-none-dt2-qm0.15__pd-kp10-kd1-elauto__tau20-lama0.001__a2-m0.02-md0.07-phi-1.5708_1.5708__h200 | control=residual | use_pi_reward=1 | pi_metric=tau_l1 | alpha_pi=0.0005 | safety_filter=none
ctrl-residual__pi-1-tau_l1-a0.0005__sf-none-dt2-qm0.15__pd-kp10-kd1-elauto__tau20-lama0.001__a2-m0.02-md0.07-phi-1.5708_1.5708__h200,0,1000,"[0.642,0.924)",0.9696969696969697,0.047780137852549386,-14.159957278855327,41.13636363636363,2.836114835157681,2.836114835157681,0.0,0.0,0.7906963271951564,66,residual,1,tau_l1,0.0005,none,ctrl-residual__pi-1-tau_l1-a0.0005__sf-none-dt2-qm0.15__pd-kp10-kd1-elauto__tau20-lama0.001__a2-m0.02-md0.07-phi-1.5708_1.5708__h200 | control=residual | use_pi_reward=1 | pi_metric=tau_l1 | alpha_pi=0.0005 | safety_filter=none
ctrl-residual__pi-1-tau_l1-a0.0005__sf-none-dt2-qm0.15__pd-kp10-kd1-elauto__tau20-lama0.001__a2-m0.02-md0.07-phi-1.5708_1.5708__h200,1,1000,"[0.642,0.924)",1.0,0.04325638939573195,-13.205396493490367,34.59090909090909,2.8786791017342708,2.8786791017342708,0.0,0.0,0.7906963271951564,66,residual,1,tau_l1,0.0005,none,ctrl-residual__pi-1-tau_l1-a0.0005__sf-none-dt2-qm0.15__pd-kp10-kd1-elauto__tau20-lama0.001__a2-m0.02-md0.07-phi-1.5708_1.5708__h200 | control=residual | use_pi_reward=1 | pi_metric=tau_l1 | alpha_pi=0.0005 | safety_filter=none
ctrl-residual__pi-1-tau_l1-a0.0005__sf-none-dt2-qm0.15__pd-kp10-kd1-elauto__tau20-lama0.001__a2-m0.02-md0.07-phi-1.5708_1.5708__h200,2,1000,"[0.642,0.924)",0.9848484848484849,0.04708046272983146,-14.318870534365502,40.333333333333336,2.5987622328174105,2.5987622328174105,0.0,0.0,0.7906963271951564,66,residual,1,tau_l1,0.0005,none,ctrl-residual__pi-1-tau_l1-a0.0005__sf-none-dt2-qm0.15__pd-kp10-kd1-elauto__tau20-lama0.001__a2-m0.02-md0.07-phi-1.5708_1.5708__h200 | control=residual | use_pi_reward=1 | pi_metric=tau_l1 | alpha_pi=0.0005 | safety_filter=none
ctrl-residual__pi-1-tau_l1-a0.0005__sf-none-dt2-qm0.15__pd-kp10-kd1-elauto__tau20-lama0.001__a2-m0.02-md0.07-phi-1.5708_1.5708__h200,3,1000,"[0.642,0.924)",0.9848484848484849,0.04462818734832349,-13.361321054727773,37.03030303030303,2.9708976834283174,2.9708976834283174,0.0,0.0,0.7906963271951564,66,residual,1,tau_l1,0.0005,none,ctrl-residual__pi-1-tau_l1-a0.0005__sf-none-dt2-qm0.15__pd-kp10-kd1-elauto__tau20-lama0.001__a2-m0.02-md0.07-phi-1.5708_1.5708__h200 | control=residual | use_pi_reward=1 | pi_metric=tau_l1 | alpha_pi=0.0005 | safety_filter=none
ctrl-residual__pi-1-tau_l1-a0.0005__sf-none-dt2-qm0.15__pd-kp10-kd1-elauto__tau20-lama0.001__a2-m0.02-md0.07-phi-1.5708_1.5708__h200,4,1000,"[0.642,0.924)",1.0,0.043072272567300236,-13.353017291400409,35.53030303030303,2.8258474456403846,2.8258474456403846,0.0,0.0,0.7906963271951564,66,residual,1,tau_l1,0.0005,none,ctrl-residual__pi-1-tau_l1-a0.0005__sf-none-dt2-qm0.15__pd-kp10-kd1-elauto__tau20-lama0.001__a2-m0.02-md0.07-phi-1.5708_1.5708__h200 | control=residual | use_pi_reward=1 | pi_metric=tau_l1 | alpha_pi=0.0005 | safety_filter=none
ctrl-residual__pi-1-tau_l1-a0.0005__sf-none-dt2-qm0.15__pd-kp10-kd1-elauto__tau20-lama0.001__a2-m0.02-md0.07-phi-1.5708_1.5708__h200,0,1000,"[0.924,1.367]",1.0,0.03974815845157119,-16.69461254993115,31.08823529411765,4.372729001407754,4.372729001407754,0.0,0.0,1.0991447869486801,68,residual,1,tau_l1,0.0005,none,ctrl-residual__pi-1-tau_l1-a0.0005__sf-none-dt2-qm0.15__pd-kp10-kd1-elauto__tau20-lama0.001__a2-m0.02-md0.07-phi-1.5708_1.5708__h200 | control=residual | use_pi_reward=1 | pi_metric=tau_l1 | alpha_pi=0.0005 | safety_filter=none
ctrl-residual__pi-1-tau_l1-a0.0005__sf-none-dt2-qm0.15__pd-kp10-kd1-elauto__tau20-lama0.001__a2-m0.02-md0.07-phi-1.5708_1.5708__h200,1,1000,"[0.924,1.367]",1.0,0.0413209552580058,-17.24300441258064,32.39705882352941,4.351550884572731,4.351550884572731,0.0,0.0,1.0991447869486801,68,residual,1,tau_l1,0.0005,none,ctrl-residual__pi-1-tau_l1-a0.0005__sf-none-dt2-qm0.15__pd-kp10-kd1-elauto__tau20-lama0.001__a2-m0.02-md0.07-phi-1.5708_1.5708__h200 | control=residual | use_pi_reward=1 | pi_metric=tau_l1 | alpha_pi=0.0005 | safety_filter=none
ctrl-residual__pi-1-tau_l1-a0.0005__sf-none-dt2-qm0.15__pd-kp10-kd1-elauto__tau20-lama0.001__a2-m0.02-md0.07-phi-1.5708_1.5708__h200,2,1000,"[0.924,1.367]",1.0,0.040516582908487093,-17.74843423039182,33.544117647058826,4.034348478679376,4.034348478679376,0.0,0.0,1.0991447869486801,68,residual,1,tau_l1,0.0005,none,ctrl-residual__pi-1-tau_l1-a0.0005__sf-none-dt2-qm0.15__pd-kp10-kd1-elauto__tau20-lama0.001__a2-m0.02-md0.07-phi-1.5708_1.5708__h200 | control=residual | use_pi_reward=1 | pi_metric=tau_l1 | alpha_pi=0.0005 | safety_filter=none
ctrl-residual__pi-1-tau_l1-a0.0005__sf-none-dt2-qm0.15__pd-kp10-kd1-elauto__tau20-lama0.001__a2-m0.02-md0.07-phi-1.5708_1.5708__h200,3,1000,"[0.924,1.367]",0.9705882352941176,0.05428168326319602,-19.165439583547702,36.98529411764706,4.30057318638864,4.30057318638864,0.0,0.0,1.0991447869486801,68,residual,1,tau_l1,0.0005,none,ctrl-residual__pi-1-tau_l1-a0.0005__sf-none-dt2-qm0.15__pd-kp10-kd1-elauto__tau20-lama0.001__a2-m0.02-md0.07-phi-1.5708_1.5708__h200 | control=residual | use_pi_reward=1 | pi_metric=tau_l1 | alpha_pi=0.0005 | safety_filter=none
ctrl-residual__pi-1-tau_l1-a0.0005__sf-none-dt2-qm0.15__pd-kp10-kd1-elauto__tau20-lama0.001__a2-m0.02-md0.07-phi-1.5708_1.5708__h200,4,1000,"[0.924,1.367]",1.0,0.04054130207089347,-17.217039311912295,32.25,4.2336375113983875,4.2336375113983875,0.0,0.0,1.0991447869486801,68,residual,1,tau_l1,0.0005,none,ctrl-residual__pi-1-tau_l1-a0.0005__sf-none-dt2-qm0.15__pd-kp10-kd1-elauto__tau20-lama0.001__a2-m0.02-md0.07-phi-1.5708_1.5708__h200 | control=residual | use_pi_reward=1 | pi_metric=tau_l1 | alpha_pi=0.0005 | safety_filter=none
ctrl-residual__pi-1-tau_l1-a0.0005__sf-proj_box_jointlimit-dt2-qm0.15__pd-kp10-kd1-elauto__tau20-lama0.001__a2-m0.02-md0.07-phi-1.5708_1.5708__h200,0,1000,"[0.087,0.642)",0.8787878787878788,0.06093923782849384,-10.550864898694455,51.833333333333336,1.8285459428107944,1.8285459428107944,0.2819576826502496,1.6108898704504884,0.4537252305637389,66,residual,1,tau_l1,0.0005,proj_box_jointlimit,ctrl-residual__pi-1-tau_l1-a0.0005__sf-proj_box_jointlimit-dt2-qm0.15__pd-kp10-kd1-elauto__tau20-lama0.001__a2-m0.02-md0.07-phi-1.5708_1.5708__h200 | control=residual | use_pi_reward=1 | pi_metric=tau_l1 | alpha_pi=0.0005 | safety_filter=proj_box_jointlimit
ctrl-residual__pi-1-tau_l1-a0.0005__sf-proj_box_jointlimit-dt2-qm0.15__pd-kp10-kd1-elauto__tau20-lama0.001__a2-m0.02-md0.07-phi-1.5708_1.5708__h200,1,1000,"[0.087,0.642)",0.803030303030303,0.06685951596693408,-12.009479514342724,64.89393939393939,1.670096469579943,1.670096469579943,0.2578544339379071,1.4217788091891421,0.4537252305637389,66,residual,1,tau_l1,0.0005,proj_box_jointlimit,ctrl-residual__pi-1-tau_l1-a0.0005__sf-proj_box_jointlimit-dt2-qm0.15__pd-kp10-kd1-elauto__tau20-lama0.001__a2-m0.02-md0.07-phi-1.5708_1.5708__h200 | control=residual | use_pi_reward=1 | pi_metric=tau_l1 | alpha_pi=0.0005 | safety_filter=proj_box_jointlimit
ctrl-residual__pi-1-tau_l1-a0.0005__sf-proj_box_jointlimit-dt2-qm0.15__pd-kp10-kd1-elauto__tau20-lama0.001__a2-m0.02-md0.07-phi-1.5708_1.5708__h200,2,1000,"[0.087,0.642)",0.9545454545454546,0.04983218458550901,-8.41286593141622,38.96969696969697,1.8918132603143991,1.8918132603143991,0.288577626970323,1.5644171894582772,0.4537252305637389,66,residual,1,tau_l1,0.0005,proj_box_jointlimit,ctrl-residual__pi-1-tau_l1-a0.0005__sf-proj_box_jointlimit-dt2-qm0.15__pd-kp10-kd1-elauto__tau20-lama0.001__a2-m0.02-md0.07-phi-1.5708_1.5708__h200 | control=residual | use_pi_reward=1 | pi_metric=tau_l1 | alpha_pi=0.0005 | safety_filter=proj_box_jointlimit
ctrl-residual__pi-1-tau_l1-a0.0005__sf-proj_box_jointlimit-dt2-qm0.15__pd-kp10-kd1-elauto__tau20-lama0.001__a2-m0.02-md0.07-phi-1.5708_1.5708__h200,3,1000,"[0.087,0.642)",0.8636363636363636,0.057561722404413096,-10.238249700006481,55.92424242424242,1.8197300128041762,1.8197300128041762,0.284757632723877,1.5491006902064017,0.4537252305637389,66,residual,1,tau_l1,0.0005,proj_box_jointlimit,ctrl-residual__pi-1-tau_l1-a0.0005__sf-proj_box_jointlimit-dt2-qm0.15__pd-kp10-kd1-elauto__tau20-lama0.001__a2-m0.02-md0.07-phi-1.5708_1.5708__h200 | control=residual | use_pi_reward=1 | pi_metric=tau_l1 | alpha_pi=0.0005 | safety_filter=proj_box_jointlimit
ctrl-residual__pi-1-tau_l1-a0.0005__sf-proj_box_jointlimit-dt2-qm0.15__pd-kp10-kd1-elauto__tau20-lama0.001__a2-m0.02-md0.07-phi-1.5708_1.5708__h200,4,1000,"[0.087,0.642)",0.9090909090909091,0.05371451498504807,-9.227739176655712,46.10606060606061,2.01868072528016,2.01868072528016,0.2922703879371635,1.6522743558974662,0.4537252305637389,66,residual,1,tau_l1,0.0005,proj_box_jointlimit,ctrl-residual__pi-1-tau_l1-a0.0005__sf-proj_box_jointlimit-dt2-qm0.15__pd-kp10-kd1-elauto__tau20-lama0.001__a2-m0.02-md0.07-phi-1.5708_1.5708__h200 | control=residual | use_pi_reward=1 | pi_metric=tau_l1 | alpha_pi=0.0005 | safety_filter=proj_box_jointlimit
ctrl-residual__pi-1-tau_l1-a0.0005__sf-proj_box_jointlimit-dt2-qm0.15__pd-kp10-kd1-elauto__tau20-lama0.001__a2-m0.02-md0.07-phi-1.5708_1.5708__h200,0,1000,"[0.642,0.924)",1.0,0.043432768581873796,-13.527608615771442,35.878787878787875,2.9345529744219374,2.9345529744219374,0.43945811766366744,3.9615164764692197,0.7906963271951564,66,residual,1,tau_l1,0.0005,proj_box_jointlimit,ctrl-residual__pi-1-tau_l1-a0.0005__sf-proj_box_jointlimit-dt2-qm0.15__pd-kp10-kd1-elauto__tau20-lama0.001__a2-m0.02-md0.07-phi-1.5708_1.5708__h200 | control=residual | use_pi_reward=1 | pi_metric=tau_l1 | alpha_pi=0.0005 | safety_filter=proj_box_jointlimit
ctrl-residual__pi-1-tau_l1-a0.0005__sf-proj_box_jointlimit-dt2-qm0.15__pd-kp10-kd1-elauto__tau20-lama0.001__a2-m0.02-md0.07-phi-1.5708_1.5708__h200,1,1000,"[0.642,0.924)",0.9848484848484849,0.046678918890136215,-14.281540668824809,39.59090909090909,2.794334325441373,2.794334325441373,0.3940696064641952,3.48515201837149,0.7906963271951564,66,residual,1,tau_l1,0.0005,proj_box_jointlimit,ctrl-residual__pi-1-tau_l1-a0.0005__sf-proj_box_jointlimit-dt2-qm0.15__pd-kp10-kd1-elauto__tau20-lama0.001__a2-m0.02-md0.07-phi-1.5708_1.5708__h200 | control=residual | use_pi_reward=1 | pi_metric=tau_l1 | alpha_pi=0.0005 | safety_filter=proj_box_jointlimit
ctrl-residual__pi-1-tau_l1-a0.0005__sf-proj_box_jointlimit-dt2-qm0.15__pd-kp10-kd1-elauto__tau20-lama0.001__a2-m0.02-md0.07-phi-1.5708_1.5708__h200,2,1000,"[0.642,0.924)",1.0,0.04430134476195175,-13.960621592814833,36.57575757575758,2.7095902796053855,2.7095902796053855,0.3735276177422629,3.152962072007946,0.7906963271951564,66,residual,1,tau_l1,0.0005,proj_box_jointlimit,ctrl-residual__pi-1-tau_l1-a0.0005__sf-proj_box_jointlimit-dt2-qm0.15__pd-kp10-kd1-elauto__tau20-lama0.001__a2-m0.02-md0.07-phi-1.5708_1.5708__h200 | control=residual | use_pi_reward=1 | pi_metric=tau_l1 | alpha_pi=0.0005 | safety_filter=proj_box_jointlimit
ctrl-residual__pi-1-tau_l1-a0.0005__sf-proj_box_jointlimit-dt2-qm0.15__pd-kp10-kd1-elauto__tau20-lama0.001__a2-m0.02-md0.07-phi-1.5708_1.5708__h200,3,1000,"[0.642,0.924)",1.0,0.0440608297811463,-13.853930697195489,38.09090909090909,2.8659589000829975,2.8659589000829975,0.4150603673319403,3.7402026836476083,0.7906963271951564,66,residual,1,tau_l1,0.0005,proj_box_jointlimit,ctrl-residual__pi-1-tau_l1-a0.0005__sf-proj_box_jointlimit-dt2-qm0.15__pd-kp10-kd1-elauto__tau20-lama0.001__a2-m0.02-md0.07-phi-1.5708_1.5708__h200 | control=residual | use_pi_reward=1 | pi_metric=tau_l1 | alpha_pi=0.0005 | safety_filter=proj_box_jointlimit
ctrl-residual__pi-1-tau_l1-a0.0005__sf-proj_box_jointlimit-dt2-qm0.15__pd-kp10-kd1-elauto__tau20-lama0.001__a2-m0.02-md0.07-phi-1.5708_1.5708__h200,4,1000,"[0.642,0.924)",1.0,0.0436955820387077,-13.596600558614048,35.803030303030305,3.024269473848714,3.024269473848714,0.4069112681457835,3.5439754411891187,0.7906963271951564,66,residual,1,tau_l1,0.0005,proj_box_jointlimit,ctrl-residual__pi-1-tau_l1-a0.0005__sf-proj_box_jointlimit-dt2-qm0.15__pd-kp10-kd1-elauto__tau20-lama0.001__a2-m0.02-md0.07-phi-1.5708_1.5708__h200 | control=residual | use_pi_reward=1 | pi_metric=tau_l1 | alpha_pi=0.0005 | safety_filter=proj_box_jointlimit
ctrl-residual__pi-1-tau_l1-a0.0005__sf-proj_box_jointlimit-dt2-qm0.15__pd-kp10-kd1-elauto__tau20-lama0.001__a2-m0.02-md0.07-phi-1.5708_1.5708__h200,0,1000,"[0.924,1.367]",0.9558823529411765,0.056616422938435995,-21.938364493191298,43.26470588235294,3.5777704646130255,3.5777704646130255,0.3580088716137673,2.9632715929957683,1.0991447869486801,68,residual,1,tau_l1,0.0005,proj_box_jointlimit,ctrl-residual__pi-1-tau_l1-a0.0005__sf-proj_box_jointlimit-dt2-qm0.15__pd-kp10-kd1-elauto__tau20-lama0.001__a2-m0.02-md0.07-phi-1.5708_1.5708__h200 | control=residual | use_pi_reward=1 | pi_metric=tau_l1 | alpha_pi=0.0005 | safety_filter=proj_box_jointlimit
ctrl-residual__pi-1-tau_l1-a0.0005__sf-proj_box_jointlimit-dt2-qm0.15__pd-kp10-kd1-elauto__tau20-lama0.001__a2-m0.02-md0.07-phi-1.5708_1.5708__h200,1,1000,"[0.924,1.367]",0.9558823529411765,0.061693476503095486,-22.337506785028392,41.86764705882353,3.709649538042523,3.709649538042523,0.3626923146125951,2.943829037057851,1.0991447869486801,68,residual,1,tau_l1,0.0005,proj_box_jointlimit,ctrl-residual__pi-1-tau_l1-a0.0005__sf-proj_box_jointlimit-dt2-qm0.15__pd-kp10-kd1-elauto__tau20-lama0.001__a2-m0.02-md0.07-phi-1.5708_1.5708__h200 | control=residual | use_pi_reward=1 | pi_metric=tau_l1 | alpha_pi=0.0005 | safety_filter=proj_box_jointlimit
ctrl-residual__pi-1-tau_l1-a0.0005__sf-proj_box_jointlimit-dt2-qm0.15__pd-kp10-kd1-elauto__tau20-lama0.001__a2-m0.02-md0.07-phi-1.5708_1.5708__h200,2,1000,"[0.924,1.367]",1.0,0.03978024807524916,-19.337741572930803,34.51470588235294,3.6611991021908983,3.6611991021908983,0.3324401080950667,2.502153940021634,1.0991447869486801,68,residual,1,tau_l1,0.0005,proj_box_jointlimit,ctrl-residual__pi-1-tau_l1-a0.0005__sf-proj_box_jointlimit-dt2-qm0.15__pd-kp10-kd1-elauto__tau20-lama0.001__a2-m0.02-md0.07-phi-1.5708_1.5708__h200 | control=residual | use_pi_reward=1 | pi_metric=tau_l1 | alpha_pi=0.0005 | safety_filter=proj_box_jointlimit
ctrl-residual__pi-1-tau_l1-a0.0005__sf-proj_box_jointlimit-dt2-qm0.15__pd-kp10-kd1-elauto__tau20-lama0.001__a2-m0.02-md0.07-phi-1.5708_1.5708__h200,3,1000,"[0.924,1.367]",0.9264705882352942,0.0759671458344065,-24.81117256386144,47.48529411764706,3.547024835741081,3.547024835741081,0.35219105291219566,2.8601365256737283,1.0991447869486801,68,residual,1,tau_l1,0.0005,proj_box_jointlimit,ctrl-residual__pi-1-tau_l1-a0.0005__sf-proj_box_jointlimit-dt2-qm0.15__pd-kp10-kd1-elauto__tau20-lama0.001__a2-m0.02-md0.07-phi-1.5708_1.5708__h200 | control=residual | use_pi_reward=1 | pi_metric=tau_l1 | alpha_pi=0.0005 | safety_filter=proj_box_jointlimit
ctrl-residual__pi-1-tau_l1-a0.0005__sf-proj_box_jointlimit-dt2-qm0.15__pd-kp10-kd1-elauto__tau20-lama0.001__a2-m0.02-md0.07-phi-1.5708_1.5708__h200,4,1000,"[0.924,1.367]",1.0,0.039378500164825976,-19.015321074976868,34.39705882352941,3.905546809099499,3.905546809099499,0.3523246719176169,2.8486311799212705,1.0991447869486801,68,residual,1,tau_l1,0.0005,proj_box_jointlimit,ctrl-residual__pi-1-tau_l1-a0.0005__sf-proj_box_jointlimit-dt2-qm0.15__pd-kp10-kd1-elauto__tau20-lama0.001__a2-m0.02-md0.07-phi-1.5708_1.5708__h200 | control=residual | use_pi_reward=1 | pi_metric=tau_l1 | alpha_pi=0.0005 | safety_filter=proj_box_jointlimit
