exp_id,train_seed,eval_seed_base,episodes,source_file,success_rate,mean_final_distance,std_final_distance_ep,mean_return,std_return_ep,mean_ep_len,std_ep_len_ep,mean_d0,std_d0_ep,mean_tau_l1__mean_ep,mean_tau_l1__std_ep,mean_pi_value__mean_ep,mean_pi_value__std_ep,filter_intervention_rate__mean_ep,filter_intervention_rate__std_ep,mean_filter_delta_tau_norm__mean_ep,mean_filter_delta_tau_norm__std_ep,mean_r_dist,mean_r_act,mean_r_pi,sum_r_dist,sum_r_act,sum_r_pi,control,use_pi_reward,pi_metric,alpha_pi,safety_filter,config_id
ctrl-direct__pi-0-tau_l1-a0.0005__sf-none-dt2-qm0.15__tau20-lama0.001__a2-m0.02-md0.07-phi-1.5708_1.5708__h200,0,1000,200,eval__ctrl-direct__pi-0-tau_l1-a0.0005__sf-none-dt2-qm0.15__tau20-lama0.001__a2-m0.02-md0.07-phi-1.5708_1.5708__h200__trainseed0__evalbase1000.csv,0.435,0.36249775944710794,0.36116133696458425,-76.22285880772293,41.222605890545736,154.315,66.94575749990571,0.7843683416229866,0.28918246245742785,0.9437256330925229,0.32041801951173354,0.0,0.0,0.0,0.0,0.0,0.0,-0.47279950595079534,-0.000772899261551023,0.0,-76.11604929523354,-0.10680951248940002,0.0,direct,0,tau_l1,0.0,none,ctrl-direct__pi-0-tau_l1-a0.0005__sf-none-dt2-qm0.15__tau20-lama0.001__a2-m0.02-md0.07-phi-1.5708_1.5708__h200 | control=direct | use_pi_reward=0 | pi_metric=tau_l1 | alpha_pi=0.0 | safety_filter=none
ctrl-direct__pi-0-tau_l1-a0.0005__sf-none-dt2-qm0.15__tau20-lama0.001__a2-m0.02-md0.07-phi-1.5708_1.5708__h200,1,1000,200,eval__ctrl-direct__pi-0-tau_l1-a0.0005__sf-none-dt2-qm0.15__tau20-lama0.001__a2-m0.02-md0.07-phi-1.5708_1.5708__h200__trainseed1__evalbase1000.csv,0.525,0.30089271158115116,0.31747658855185446,-68.81416699746082,36.171419775187374,142.24,63.188498412751436,0.7843683416229866,0.28918246245742785,1.4786773950795016,0.3729892908032777,0.0,0.0,0.0,0.0,0.0,0.0,-0.4623975217036738,-0.0011714518422462883,0.0,-68.65055636102437,-0.16361063643644616,0.0,direct,0,tau_l1,0.0,none,ctrl-direct__pi-0-tau_l1-a0.0005__sf-none-dt2-qm0.15__tau20-lama0.001__a2-m0.02-md0.07-phi-1.5708_1.5708__h200 | control=direct | use_pi_reward=0 | pi_metric=tau_l1 | alpha_pi=0.0 | safety_filter=none
ctrl-direct__pi-0-tau_l1-a0.0005__sf-none-dt2-qm0.15__tau20-lama0.001__a2-m0.02-md0.07-phi-1.5708_1.5708__h200,2,1000,200,eval__ctrl-direct__pi-0-tau_l1-a0.0005__sf-none-dt2-qm0.15__tau20-lama0.001__a2-m0.02-md0.07-phi-1.5708_1.5708__h200__trainseed2__evalbase1000.csv,0.47,0.30723177891432324,0.30042006025270873,-70.53966413923852,40.96774397885661,142.945,70.66199517996976,0.7843683416229866,0.28918246245742785,1.7192190306859978,0.49879882773991463,0.0,0.0,0.0,0.0,0.0,0.0,-0.4763156165878935,-0.0013438720276121863,0.0,-70.36514353963238,-0.174520599606128,0.0,direct,0,tau_l1,0.0,none,ctrl-direct__pi-0-tau_l1-a0.0005__sf-none-dt2-qm0.15__tau20-lama0.001__a2-m0.02-md0.07-phi-1.5708_1.5708__h200 | control=direct | use_pi_reward=0 | pi_metric=tau_l1 | alpha_pi=0.0 | safety_filter=none
ctrl-direct__pi-0-tau_l1-a0.0005__sf-none-dt2-qm0.15__tau20-lama0.001__a2-m0.02-md0.07-phi-1.5708_1.5708__h200,3,1000,200,eval__ctrl-direct__pi-0-tau_l1-a0.0005__sf-none-dt2-qm0.15__tau20-lama0.001__a2-m0.02-md0.07-phi-1.5708_1.5708__h200__trainseed3__evalbase1000.csv,0.485,0.32033187879488056,0.30417323626399984,-69.09518268922265,41.1274853915434,141.145,70.10060233147915,0.7843683416229866,0.28918246245742785,1.372573244457154,0.5398980835234266,0.0,0.0,0.0,0.0,0.0,0.0,-0.46030122993992534,-0.0010990726050170844,0.0,-68.95331016226746,-0.1418725269552109,0.0,direct,0,tau_l1,0.0,none,ctrl-direct__pi-0-tau_l1-a0.0005__sf-none-dt2-qm0.15__tau20-lama0.001__a2-m0.02-md0.07-phi-1.5708_1.5708__h200 | control=direct | use_pi_reward=0 | pi_metric=tau_l1 | alpha_pi=0.0 | safety_filter=none
ctrl-direct__pi-0-tau_l1-a0.0005__sf-none-dt2-qm0.15__tau20-lama0.001__a2-m0.02-md0.07-phi-1.5708_1.5708__h200,4,1000,200,eval__ctrl-direct__pi-0-tau_l1-a0.0005__sf-none-dt2-qm0.15__tau20-lama0.001__a2-m0.02-md0.07-phi-1.5708_1.5708__h200__trainseed4__evalbase1000.csv,0.2,0.5304563032406971,0.32168696657627327,-102.16691947079977,52.25774671354106,169.77,62.55407389454359,0.7843683416229866,0.28918246245742785,0.7226568570023622,0.2919967076426457,0.0,0.0,0.0,0.0,0.0,0.0,-0.5675311277495138,-0.0005958926411066837,0.0,-102.07043798760704,-0.09648148319273457,0.0,direct,0,tau_l1,0.0,none,ctrl-direct__pi-0-tau_l1-a0.0005__sf-none-dt2-qm0.15__tau20-lama0.001__a2-m0.02-md0.07-phi-1.5708_1.5708__h200 | control=direct | use_pi_reward=0 | pi_metric=tau_l1 | alpha_pi=0.0 | safety_filter=none
ctrl-direct__pi-0-tau_l1-a0.0005__sf-proj_box_jointlimit-dt2-qm0.15__tau20-lama0.001__a2-m0.02-md0.07-phi-1.5708_1.5708__h200,0,1000,200,eval__ctrl-direct__pi-0-tau_l1-a0.0005__sf-proj_box_jointlimit-dt2-qm0.15__tau20-lama0.001__a2-m0.02-md0.07-phi-1.5708_1.5708__h200__trainseed0__evalbase1000.csv,0.095,0.6012177710094211,0.28753480151791677,-118.74595502545479,50.87102272168059,183.17,52.1388858443046,0.7843683416229866,0.28918246245742785,0.6565910700017787,0.2618499730726343,0.0,0.0,0.7298750000000002,0.24712692683077683,1.3907848734855655,0.5279974418292334,-0.6269116248827836,-0.0005956871322836215,0.0,-118.64501662315655,-0.10093840229823627,0.0,direct,0,tau_l1,0.0,proj_box_jointlimit,ctrl-direct__pi-0-tau_l1-a0.0005__sf-proj_box_jointlimit-dt2-qm0.15__tau20-lama0.001__a2-m0.02-md0.07-phi-1.5708_1.5708__h200 | control=direct | use_pi_reward=0 | pi_metric=tau_l1 | alpha_pi=0.0 | safety_filter=proj_box_jointlimit
ctrl-direct__pi-0-tau_l1-a0.0005__sf-proj_box_jointlimit-dt2-qm0.15__tau20-lama0.001__a2-m0.02-md0.07-phi-1.5708_1.5708__h200,1,1000,200,eval__ctrl-direct__pi-0-tau_l1-a0.0005__sf-proj_box_jointlimit-dt2-qm0.15__tau20-lama0.001__a2-m0.02-md0.07-phi-1.5708_1.5708__h200__trainseed1__evalbase1000.csv,0.455,0.315527899795799,0.3036110070704098,-68.51741684923223,39.881827341802044,147.725,67.76243882548717,0.7843683416229866,0.28918246245742785,1.1638037313730933,0.4041544660918764,0.0,0.0,0.06248615806648803,0.09974921243320818,0.03306023807554547,0.06143773551331664,-0.44731954961432074,-0.000945758750332383,0.0,-68.39147823773382,-0.12593861149840585,0.0,direct,0,tau_l1,0.0,proj_box_jointlimit,ctrl-direct__pi-0-tau_l1-a0.0005__sf-proj_box_jointlimit-dt2-qm0.15__tau20-lama0.001__a2-m0.02-md0.07-phi-1.5708_1.5708__h200 | control=direct | use_pi_reward=0 | pi_metric=tau_l1 | alpha_pi=0.0 | safety_filter=proj_box_jointlimit
ctrl-direct__pi-0-tau_l1-a0.0005__sf-proj_box_jointlimit-dt2-qm0.15__tau20-lama0.001__a2-m0.02-md0.07-phi-1.5708_1.5708__h200,2,1000,200,eval__ctrl-direct__pi-0-tau_l1-a0.0005__sf-proj_box_jointlimit-dt2-qm0.15__tau20-lama0.001__a2-m0.02-md0.07-phi-1.5708_1.5708__h200__trainseed2__evalbase1000.csv,0.31,0.4857815403078096,0.37228999930768714,-92.8361969777265,47.995090506951335,160.925,64.29931089762584,0.7843683416229866,0.28918246245742785,1.1023040350840012,0.24352426159718651,0.0,0.0,0.07605,0.09113272390768407,0.11641230659974175,0.14662519525437456,-0.5496140189358788,-0.000891410200279224,0.0,-92.69216947717807,-0.14402750054842792,0.0,direct,0,tau_l1,0.0,proj_box_jointlimit,ctrl-direct__pi-0-tau_l1-a0.0005__sf-proj_box_jointlimit-dt2-qm0.15__tau20-lama0.001__a2-m0.02-md0.07-phi-1.5708_1.5708__h200 | control=direct | use_pi_reward=0 | pi_metric=tau_l1 | alpha_pi=0.0 | safety_filter=proj_box_jointlimit
ctrl-direct__pi-0-tau_l1-a0.0005__sf-proj_box_jointlimit-dt2-qm0.15__tau20-lama0.001__a2-m0.02-md0.07-phi-1.5708_1.5708__h200,3,1000,200,eval__ctrl-direct__pi-0-tau_l1-a0.0005__sf-proj_box_jointlimit-dt2-qm0.15__tau20-lama0.001__a2-m0.02-md0.07-phi-1.5708_1.5708__h200__trainseed3__evalbase1000.csv,0.31,0.20129680524590982,0.15156352396818706,-78.23655168793873,37.58644639001845,166.03,61.415129984025704,0.7843683416229866,0.28918246245742785,0.7982782529093264,0.35094966569779096,0.0,0.0,0.03447128272752874,0.10963342049612664,0.007424206096838826,0.028492728343911793,-0.4628085335478155,-0.0007022240197779247,0.0,-78.13560135561123,-0.10095033232748656,0.0,direct,0,tau_l1,0.0,proj_box_jointlimit,ctrl-direct__pi-0-tau_l1-a0.0005__sf-proj_box_jointlimit-dt2-qm0.15__tau20-lama0.001__a2-m0.02-md0.07-phi-1.5708_1.5708__h200 | control=direct | use_pi_reward=0 | pi_metric=tau_l1 | alpha_pi=0.0 | safety_filter=proj_box_jointlimit
ctrl-direct__pi-0-tau_l1-a0.0005__sf-proj_box_jointlimit-dt2-qm0.15__tau20-lama0.001__a2-m0.02-md0.07-phi-1.5708_1.5708__h200,4,1000,200,eval__ctrl-direct__pi-0-tau_l1-a0.0005__sf-proj_box_jointlimit-dt2-qm0.15__tau20-lama0.001__a2-m0.02-md0.07-phi-1.5708_1.5708__h200__trainseed4__evalbase1000.csv,0.355,0.39443213638320557,0.3211477752775597,-80.08918602571724,42.1083568935084,153.885,68.36953812714104,0.7843683416229866,0.28918246245742785,1.2960788602745636,0.4851330249495816,0.0,0.0,0.13815742931460917,0.14020261106901297,0.15881825040847347,0.17376681721748435,-0.5030200498848396,-0.0010129227878699727,0.0,-79.94813873207225,-0.14104729364498605,0.0,direct,0,tau_l1,0.0,proj_box_jointlimit,ctrl-direct__pi-0-tau_l1-a0.0005__sf-proj_box_jointlimit-dt2-qm0.15__tau20-lama0.001__a2-m0.02-md0.07-phi-1.5708_1.5708__h200 | control=direct | use_pi_reward=0 | pi_metric=tau_l1 | alpha_pi=0.0 | safety_filter=proj_box_jointlimit
ctrl-direct__pi-1-tau_l1-a0.0005__sf-none-dt2-qm0.15__tau20-lama0.001__a2-m0.02-md0.07-phi-1.5708_1.5708__h200,0,1000,200,eval__ctrl-direct__pi-1-tau_l1-a0.0005__sf-none-dt2-qm0.15__tau20-lama0.001__a2-m0.02-md0.07-phi-1.5708_1.5708__h200__trainseed0__evalbase1000.csv,0.07,0.5805379645258005,0.26578984132078903,-123.12331184736877,50.225586600160206,189.395,42.207658156253785,0.7843683416229866,0.28918246245742785,2.156780447896098,0.17394107087748592,2.156780447896098,0.17394107087748592,0.0,0.0,0.0,0.0,-0.6339850759195457,-0.0019023657531529014,-0.0010783902239480002,-122.56407703893642,-0.35824542132677223,-0.2009893871056195,direct,1,tau_l1,0.0005,none,ctrl-direct__pi-1-tau_l1-a0.0005__sf-none-dt2-qm0.15__tau20-lama0.001__a2-m0.02-md0.07-phi-1.5708_1.5708__h200 | control=direct | use_pi_reward=1 | pi_metric=tau_l1 | alpha_pi=0.0005 | safety_filter=none
ctrl-direct__pi-1-tau_l1-a0.0005__sf-none-dt2-qm0.15__tau20-lama0.001__a2-m0.02-md0.07-phi-1.5708_1.5708__h200,1,1000,200,eval__ctrl-direct__pi-1-tau_l1-a0.0005__sf-none-dt2-qm0.15__tau20-lama0.001__a2-m0.02-md0.07-phi-1.5708_1.5708__h200__trainseed1__evalbase1000.csv,0.445,0.3517747214191229,0.330792079138082,-73.39617944817601,43.59708198305184,145.28,70.92675534039026,0.7843683416229866,0.28918246245742785,1.1020346839558082,0.48594500913042005,1.1020346839558082,0.48594500913042005,0.0,0.0,0.0,0.0,-0.48535700774773116,-0.0008819009083440084,-0.0005510173419778533,-73.2224211047319,-0.10699036285628147,-0.06676798058784446,direct,1,tau_l1,0.0005,none,ctrl-direct__pi-1-tau_l1-a0.0005__sf-none-dt2-qm0.15__tau20-lama0.001__a2-m0.02-md0.07-phi-1.5708_1.5708__h200 | control=direct | use_pi_reward=1 | pi_metric=tau_l1 | alpha_pi=0.0005 | safety_filter=none
ctrl-direct__pi-1-tau_l1-a0.0005__sf-none-dt2-qm0.15__tau20-lama0.001__a2-m0.02-md0.07-phi-1.5708_1.5708__h200,2,1000,200,eval__ctrl-direct__pi-1-tau_l1-a0.0005__sf-none-dt2-qm0.15__tau20-lama0.001__a2-m0.02-md0.07-phi-1.5708_1.5708__h200__trainseed2__evalbase1000.csv,0.345,0.39293114999215367,0.3117755074467187,-80.74039499157237,38.55787718417937,154.74,66.00055123875175,0.7843683416229866,0.28918246245742785,1.17414629412916,0.2845036074428851,1.17414629412916,0.2845036074428851,0.0,0.0,0.0,0.0,-0.5026366250366183,-0.000933575693386832,-0.0005870731470645305,-80.51734144572409,-0.13696125741065748,-0.08609228843762537,direct,1,tau_l1,0.0005,none,ctrl-direct__pi-1-tau_l1-a0.0005__sf-none-dt2-qm0.15__tau20-lama0.001__a2-m0.02-md0.07-phi-1.5708_1.5708__h200 | control=direct | use_pi_reward=1 | pi_metric=tau_l1 | alpha_pi=0.0005 | safety_filter=none
ctrl-direct__pi-1-tau_l1-a0.0005__sf-none-dt2-qm0.15__tau20-lama0.001__a2-m0.02-md0.07-phi-1.5708_1.5708__h200,3,1000,200,eval__ctrl-direct__pi-1-tau_l1-a0.0005__sf-none-dt2-qm0.15__tau20-lama0.001__a2-m0.02-md0.07-phi-1.5708_1.5708__h200__trainseed3__evalbase1000.csv,0.55,0.283960409578236,0.3128610424703082,-63.90853557013157,39.936140964442984,129.495,69.10402889155759,0.7843683416229866,0.28918246245742785,1.8386287212698877,0.545920450554756,1.8386287212698877,0.545920450554756,0.0,0.0,0.0,0.0,-0.4656103975582782,-0.0014701190579710793,-0.000919314360634893,-63.624055124705826,-0.17528164895302167,-0.10919879647273564,direct,1,tau_l1,0.0005,none,ctrl-direct__pi-1-tau_l1-a0.0005__sf-none-dt2-qm0.15__tau20-lama0.001__a2-m0.02-md0.07-phi-1.5708_1.5708__h200 | control=direct | use_pi_reward=1 | pi_metric=tau_l1 | alpha_pi=0.0005 | safety_filter=none
ctrl-direct__pi-1-tau_l1-a0.0005__sf-none-dt2-qm0.15__tau20-lama0.001__a2-m0.02-md0.07-phi-1.5708_1.5708__h200,4,1000,200,eval__ctrl-direct__pi-1-tau_l1-a0.0005__sf-none-dt2-qm0.15__tau20-lama0.001__a2-m0.02-md0.07-phi-1.5708_1.5708__h200__trainseed4__evalbase1000.csv,0.44,0.2777102862754117,0.28110688286047447,-67.202519918373,40.024824660489685,143.24,70.50558550880702,0.7843683416229866,0.28918246245742785,1.3352943222734195,0.574007824512674,1.3352943222734195,0.574007824512674,0.0,0.0,0.0,0.0,-0.45798772140209665,-0.001013308124164081,-0.0006676471611366583,-66.99596534475026,-0.12481200004760065,-0.08174257357514458,direct,1,tau_l1,0.0005,none,ctrl-direct__pi-1-tau_l1-a0.0005__sf-none-dt2-qm0.15__tau20-lama0.001__a2-m0.02-md0.07-phi-1.5708_1.5708__h200 | control=direct | use_pi_reward=1 | pi_metric=tau_l1 | alpha_pi=0.0005 | safety_filter=none
ctrl-direct__pi-1-tau_l1-a0.0005__sf-proj_box_jointlimit-dt2-qm0.15__tau20-lama0.001__a2-m0.02-md0.07-phi-1.5708_1.5708__h200,0,1000,200,eval__ctrl-direct__pi-1-tau_l1-a0.0005__sf-proj_box_jointlimit-dt2-qm0.15__tau20-lama0.001__a2-m0.02-md0.07-phi-1.5708_1.5708__h200__trainseed0__evalbase1000.csv,0.435,0.34968445260858183,0.31702831533427156,-72.40617618059306,42.92930237758205,142.41,71.58402940832305,0.7843683416229866,0.28918246245742785,1.5920287199263503,0.6262290354414509,1.5920287199263503,0.6262290354414509,0.14217209998233263,0.16297510574656418,0.16588877914666497,0.23213518249053758,-0.4771364423940294,-0.0012730621349623561,-0.0007960143599631279,-72.14525443853562,-0.16056958171807645,-0.10035216033936123,direct,1,tau_l1,0.0005,proj_box_jointlimit,ctrl-direct__pi-1-tau_l1-a0.0005__sf-proj_box_jointlimit-dt2-qm0.15__tau20-lama0.001__a2-m0.02-md0.07-phi-1.5708_1.5708__h200 | control=direct | use_pi_reward=1 | pi_metric=tau_l1 | alpha_pi=0.0005 | safety_filter=proj_box_jointlimit
ctrl-direct__pi-1-tau_l1-a0.0005__sf-proj_box_jointlimit-dt2-qm0.15__tau20-lama0.001__a2-m0.02-md0.07-phi-1.5708_1.5708__h200,1,1000,200,eval__ctrl-direct__pi-1-tau_l1-a0.0005__sf-proj_box_jointlimit-dt2-qm0.15__tau20-lama0.001__a2-m0.02-md0.07-phi-1.5708_1.5708__h200__trainseed1__evalbase1000.csv,0.35,0.3672218307835976,0.3003766750621865,-77.12161455781198,41.573255537432,156.75,66.91040660885879,0.7843683416229866,0.28918246245742785,1.0613351969496976,0.41739490837339116,1.0613351969496976,0.41739490837339116,0.03448506553470173,0.06772145131029254,0.012552236958411966,0.024529136423291506,-0.4715036903461819,-0.0008544496297262655,-0.0005306675984747982,-76.92754717039374,-0.11995028224268518,-0.07411710517555471,direct,1,tau_l1,0.0005,proj_box_jointlimit,ctrl-direct__pi-1-tau_l1-a0.0005__sf-proj_box_jointlimit-dt2-qm0.15__tau20-lama0.001__a2-m0.02-md0.07-phi-1.5708_1.5708__h200 | control=direct | use_pi_reward=1 | pi_metric=tau_l1 | alpha_pi=0.0005 | safety_filter=proj_box_jointlimit
ctrl-direct__pi-1-tau_l1-a0.0005__sf-proj_box_jointlimit-dt2-qm0.15__tau20-lama0.001__a2-m0.02-md0.07-phi-1.5708_1.5708__h200,2,1000,200,eval__ctrl-direct__pi-1-tau_l1-a0.0005__sf-proj_box_jointlimit-dt2-qm0.15__tau20-lama0.001__a2-m0.02-md0.07-phi-1.5708_1.5708__h200__trainseed2__evalbase1000.csv,0.41,0.3781537155638718,0.3208865066092299,-80.57405612763496,51.94089789825643,141.335,73.95477889635016,0.7843683416229866,0.28918246245742785,1.4351951393020135,0.7263311207309827,1.4351951393020135,0.7263311207309827,0.19228045256773163,0.17711886753993125,0.16868294774455875,0.24461960731719964,-0.5235499041401482,-0.00113513498720011,-0.0007175975696509603,-80.36583507591183,-0.1285917455115776,-0.07962930621155534,direct,1,tau_l1,0.0005,proj_box_jointlimit,ctrl-direct__pi-1-tau_l1-a0.0005__sf-proj_box_jointlimit-dt2-qm0.15__tau20-lama0.001__a2-m0.02-md0.07-phi-1.5708_1.5708__h200 | control=direct | use_pi_reward=1 | pi_metric=tau_l1 | alpha_pi=0.0005 | safety_filter=proj_box_jointlimit
ctrl-direct__pi-1-tau_l1-a0.0005__sf-proj_box_jointlimit-dt2-qm0.15__tau20-lama0.001__a2-m0.02-md0.07-phi-1.5708_1.5708__h200,3,1000,200,eval__ctrl-direct__pi-1-tau_l1-a0.0005__sf-proj_box_jointlimit-dt2-qm0.15__tau20-lama0.001__a2-m0.02-md0.07-phi-1.5708_1.5708__h200__trainseed3__evalbase1000.csv,0.35,0.38480280090600516,0.32468906887104665,-81.27670746332775,41.752777809802836,160.36,63.85513126558212,0.7843683416229866,0.28918246245742785,0.7574133068247044,0.27224469994084066,0.7574133068247044,0.27224469994084066,0.050582011667341095,0.07794392846362012,0.027506933576068628,0.04755865605934919,-0.48907609278596603,-0.000600310165541089,-0.0003787066534123015,-81.12897848358418,-0.09027583929176247,-0.0574531404517963,direct,1,tau_l1,0.0005,proj_box_jointlimit,ctrl-direct__pi-1-tau_l1-a0.0005__sf-proj_box_jointlimit-dt2-qm0.15__tau20-lama0.001__a2-m0.02-md0.07-phi-1.5708_1.5708__h200 | control=direct | use_pi_reward=1 | pi_metric=tau_l1 | alpha_pi=0.0005 | safety_filter=proj_box_jointlimit
ctrl-direct__pi-1-tau_l1-a0.0005__sf-proj_box_jointlimit-dt2-qm0.15__tau20-lama0.001__a2-m0.02-md0.07-phi-1.5708_1.5708__h200,4,1000,200,eval__ctrl-direct__pi-1-tau_l1-a0.0005__sf-proj_box_jointlimit-dt2-qm0.15__tau20-lama0.001__a2-m0.02-md0.07-phi-1.5708_1.5708__h200__trainseed4__evalbase1000.csv,0.08,0.6109158636696936,0.281344505172652,-130.89208060559523,57.98070098648153,186.01,47.636393966701064,0.7843683416229866,0.28918246245742785,0.8601107983034946,0.2178866031710446,0.8601107983034946,0.2178866031710446,0.6304638888888888,0.277047912028927,0.8718305804145119,0.5153072360257569,-0.6795037755067759,-0.0007562918130315725,-0.0004300553991516995,-130.67448833069997,-0.13946218225555518,-0.0781300926397135,direct,1,tau_l1,0.0005,proj_box_jointlimit,ctrl-direct__pi-1-tau_l1-a0.0005__sf-proj_box_jointlimit-dt2-qm0.15__tau20-lama0.001__a2-m0.02-md0.07-phi-1.5708_1.5708__h200 | control=direct | use_pi_reward=1 | pi_metric=tau_l1 | alpha_pi=0.0005 | safety_filter=proj_box_jointlimit
ctrl-residual__pi-0-tau_l1-a0.0005__sf-none-dt2-qm0.15__pd-kp10-kd1-elauto__tau20-lama0.001__a2-m0.02-md0.07-phi-1.5708_1.5708__h200,0,1000,200,eval__ctrl-residual__pi-0-tau_l1-a0.0005__sf-none-dt2-qm0.15__pd-kp10-kd1-elauto__tau20-lama0.001__a2-m0.02-md0.07-phi-1.5708_1.5708__h200__trainseed0__evalbase1000.csv,0.945,0.04965322732392402,0.028736804580887468,-13.466568315094191,6.868264291865062,40.885,39.429878921432085,0.7843683416229866,0.28918246245742785,3.238810851171219,1.4148551232596878,0.0,0.0,0.0,0.0,0.0,0.0,-0.374254035105598,-0.0027162523824942365,0.0,-13.378774290997466,-0.08779402409672425,0.0,residual,0,tau_l1,0.0,none,ctrl-residual__pi-0-tau_l1-a0.0005__sf-none-dt2-qm0.15__pd-kp10-kd1-elauto__tau20-lama0.001__a2-m0.02-md0.07-phi-1.5708_1.5708__h200 | control=residual | use_pi_reward=0 | pi_metric=tau_l1 | alpha_pi=0.0 | safety_filter=none
ctrl-residual__pi-0-tau_l1-a0.0005__sf-none-dt2-qm0.15__pd-kp10-kd1-elauto__tau20-lama0.001__a2-m0.02-md0.07-phi-1.5708_1.5708__h200,1,1000,200,eval__ctrl-residual__pi-0-tau_l1-a0.0005__sf-none-dt2-qm0.15__pd-kp10-kd1-elauto__tau20-lama0.001__a2-m0.02-md0.07-phi-1.5708_1.5708__h200__trainseed1__evalbase1000.csv,0.94,0.05084624448143261,0.03280953026025024,-14.79592717247481,7.184126949786872,44.88,40.199572487039006,0.7843683416229866,0.28918246245742785,2.699352865588317,1.2221062898814987,0.0,0.0,0.0,0.0,0.0,0.0,-0.37212098372545627,-0.0022616470905505175,0.0,-14.716013841517102,-0.07991333095770863,0.0,residual,0,tau_l1,0.0,none,ctrl-residual__pi-0-tau_l1-a0.0005__sf-none-dt2-qm0.15__pd-kp10-kd1-elauto__tau20-lama0.001__a2-m0.02-md0.07-phi-1.5708_1.5708__h200 | control=residual | use_pi_reward=0 | pi_metric=tau_l1 | alpha_pi=0.0 | safety_filter=none
ctrl-residual__pi-0-tau_l1-a0.0005__sf-none-dt2-qm0.15__pd-kp10-kd1-elauto__tau20-lama0.001__a2-m0.02-md0.07-phi-1.5708_1.5708__h200,2,1000,200,eval__ctrl-residual__pi-0-tau_l1-a0.0005__sf-none-dt2-qm0.15__pd-kp10-kd1-elauto__tau20-lama0.001__a2-m0.02-md0.07-phi-1.5708_1.5708__h200__trainseed2__evalbase1000.csv,0.92,0.050482810061488845,0.03275424169339166,-14.00402968961841,7.113857215560988,45.135,46.49987058932659,0.7843683416229866,0.28918246245742785,3.3437393156019186,1.4874276703104652,0.0,0.0,0.0,0.0,0.0,0.0,-0.3751946075097774,-0.002819018109397915,0.0,-13.912734202664424,-0.09129548695398451,0.0,residual,0,tau_l1,0.0,none,ctrl-residual__pi-0-tau_l1-a0.0005__sf-none-dt2-qm0.15__pd-kp10-kd1-elauto__tau20-lama0.001__a2-m0.02-md0.07-phi-1.5708_1.5708__h200 | control=residual | use_pi_reward=0 | pi_metric=tau_l1 | alpha_pi=0.0 | safety_filter=none
ctrl-residual__pi-0-tau_l1-a0.0005__sf-none-dt2-qm0.15__pd-kp10-kd1-elauto__tau20-lama0.001__a2-m0.02-md0.07-phi-1.5708_1.5708__h200,3,1000,200,eval__ctrl-residual__pi-0-tau_l1-a0.0005__sf-none-dt2-qm0.15__pd-kp10-kd1-elauto__tau20-lama0.001__a2-m0.02-md0.07-phi-1.5708_1.5708__h200__trainseed3__evalbase1000.csv,1.0,0.04330974989744501,0.006255205884011329,-12.93897939909747,5.390983196778288,33.955,8.681579586722856,0.7843683416229866,0.28918246245742785,2.962286615612352,1.116171145792858,0.0,0.0,0.0,0.0,0.0,0.0,-0.3755111969862401,-0.0024830679276619375,0.0,-12.856655515281432,-0.08232388381603925,0.0,residual,0,tau_l1,0.0,none,ctrl-residual__pi-0-tau_l1-a0.0005__sf-none-dt2-qm0.15__pd-kp10-kd1-elauto__tau20-lama0.001__a2-m0.02-md0.07-phi-1.5708_1.5708__h200 | control=residual | use_pi_reward=0 | pi_metric=tau_l1 | alpha_pi=0.0 | safety_filter=none
ctrl-residual__pi-0-tau_l1-a0.0005__sf-none-dt2-qm0.15__pd-kp10-kd1-elauto__tau20-lama0.001__a2-m0.02-md0.07-phi-1.5708_1.5708__h200,4,1000,200,eval__ctrl-residual__pi-0-tau_l1-a0.0005__sf-none-dt2-qm0.15__pd-kp10-kd1-elauto__tau20-lama0.001__a2-m0.02-md0.07-phi-1.5708_1.5708__h200__trainseed4__evalbase1000.csv,0.955,0.04680752482843083,0.02022617158317641,-13.564685020416945,5.621025371753982,40.945,35.619738966198234,0.7843683416229866,0.28918246245742785,3.067093010239104,1.3156316693502044,0.0,0.0,0.0,0.0,0.0,0.0,-0.3745210914429947,-0.002570374616027543,0.0,-13.479560464524447,-0.08512455589250174,0.0,residual,0,tau_l1,0.0,none,ctrl-residual__pi-0-tau_l1-a0.0005__sf-none-dt2-qm0.15__pd-kp10-kd1-elauto__tau20-lama0.001__a2-m0.02-md0.07-phi-1.5708_1.5708__h200 | control=residual | use_pi_reward=0 | pi_metric=tau_l1 | alpha_pi=0.0 | safety_filter=none
ctrl-residual__pi-0-tau_l1-a0.0005__sf-proj_box_jointlimit-dt2-qm0.15__pd-kp10-kd1-elauto__tau20-lama0.001__a2-m0.02-md0.07-phi-1.5708_1.5708__h200,0,1000,200,eval__ctrl-residual__pi-0-tau_l1-a0.0005__sf-proj_box_jointlimit-dt2-qm0.15__pd-kp10-kd1-elauto__tau20-lama0.001__a2-m0.02-md0.07-phi-1.5708_1.5708__h200__trainseed0__evalbase1000.csv,0.89,0.05935804154218577,0.0488789853935506,-16.71005539771679,8.99328725229363,52.975,52.406838855191126,0.7843683416229866,0.28918246245742785,2.6198956175236265,1.2305801992092467,0.0,0.0,0.30689310878565457,0.1701321373448071,2.259242163505082,1.9544516741296547,-0.3849076818757351,-0.002136737982873517,0.0,-16.63007004958539,-0.07998534813139843,0.0,residual,0,tau_l1,0.0,proj_box_jointlimit,ctrl-residual__pi-0-tau_l1-a0.0005__sf-proj_box_jointlimit-dt2-qm0.15__pd-kp10-kd1-elauto__tau20-lama0.001__a2-m0.02-md0.07-phi-1.5708_1.5708__h200 | control=residual | use_pi_reward=0 | pi_metric=tau_l1 | alpha_pi=0.0 | safety_filter=proj_box_jointlimit
ctrl-residual__pi-0-tau_l1-a0.0005__sf-proj_box_jointlimit-dt2-qm0.15__pd-kp10-kd1-elauto__tau20-lama0.001__a2-m0.02-md0.07-phi-1.5708_1.5708__h200,1,1000,200,eval__ctrl-residual__pi-0-tau_l1-a0.0005__sf-proj_box_jointlimit-dt2-qm0.15__pd-kp10-kd1-elauto__tau20-lama0.001__a2-m0.02-md0.07-phi-1.5708_1.5708__h200__trainseed1__evalbase1000.csv,0.975,0.05171292993028734,0.05580688373197354,-15.054684186363524,12.169552835710785,39.08,26.90059123969632,0.7843683416229866,0.28918246245742785,2.6721318015418056,1.0070005615360194,0.0,0.0,0.33173933527056854,0.1611843054673724,2.446161546751793,1.954575509539747,-0.38082069280719366,-0.002161734352584386,0.0,-14.974428942516802,-0.08025524384672092,0.0,residual,0,tau_l1,0.0,proj_box_jointlimit,ctrl-residual__pi-0-tau_l1-a0.0005__sf-proj_box_jointlimit-dt2-qm0.15__pd-kp10-kd1-elauto__tau20-lama0.001__a2-m0.02-md0.07-phi-1.5708_1.5708__h200 | control=residual | use_pi_reward=0 | pi_metric=tau_l1 | alpha_pi=0.0 | safety_filter=proj_box_jointlimit
ctrl-residual__pi-0-tau_l1-a0.0005__sf-proj_box_jointlimit-dt2-qm0.15__pd-kp10-kd1-elauto__tau20-lama0.001__a2-m0.02-md0.07-phi-1.5708_1.5708__h200,2,1000,200,eval__ctrl-residual__pi-0-tau_l1-a0.0005__sf-proj_box_jointlimit-dt2-qm0.15__pd-kp10-kd1-elauto__tau20-lama0.001__a2-m0.02-md0.07-phi-1.5708_1.5708__h200__trainseed2__evalbase1000.csv,0.935,0.053273865003599215,0.03832270902546258,-16.293168185478944,9.232546357126457,48.24,40.9675984236691,0.7843683416229866,0.28918246245742785,2.468908676500497,1.0807334896995897,0.0,0.0,0.28715651527062225,0.14567823254614887,2.0823566188594422,1.6831698048219317,-0.37031269695028307,-0.0020236694525748804,0.0,-16.212049956366435,-0.08111822911250935,0.0,residual,0,tau_l1,0.0,proj_box_jointlimit,ctrl-residual__pi-0-tau_l1-a0.0005__sf-proj_box_jointlimit-dt2-qm0.15__pd-kp10-kd1-elauto__tau20-lama0.001__a2-m0.02-md0.07-phi-1.5708_1.5708__h200 | control=residual | use_pi_reward=0 | pi_metric=tau_l1 | alpha_pi=0.0 | safety_filter=proj_box_jointlimit
ctrl-residual__pi-0-tau_l1-a0.0005__sf-proj_box_jointlimit-dt2-qm0.15__pd-kp10-kd1-elauto__tau20-lama0.001__a2-m0.02-md0.07-phi-1.5708_1.5708__h200,3,1000,200,eval__ctrl-residual__pi-0-tau_l1-a0.0005__sf-proj_box_jointlimit-dt2-qm0.15__pd-kp10-kd1-elauto__tau20-lama0.001__a2-m0.02-md0.07-phi-1.5708_1.5708__h200__trainseed3__evalbase1000.csv,0.945,0.05702931107520905,0.06726712518883055,-15.461126275588935,13.799903396044154,42.645,38.72268335265714,0.7843683416229866,0.28918246245742785,2.9205822631607843,1.052730509712695,0.0,0.0,0.3711987078434224,0.177368953390701,2.934555377250218,2.2020527904936835,-0.3793067450775597,-0.0023487932723639223,0.0,-15.375530312230932,-0.08559596335800207,0.0,residual,0,tau_l1,0.0,proj_box_jointlimit,ctrl-residual__pi-0-tau_l1-a0.0005__sf-proj_box_jointlimit-dt2-qm0.15__pd-kp10-kd1-elauto__tau20-lama0.001__a2-m0.02-md0.07-phi-1.5708_1.5708__h200 | control=residual | use_pi_reward=0 | pi_metric=tau_l1 | alpha_pi=0.0 | safety_filter=proj_box_jointlimit
ctrl-residual__pi-0-tau_l1-a0.0005__sf-proj_box_jointlimit-dt2-qm0.15__pd-kp10-kd1-elauto__tau20-lama0.001__a2-m0.02-md0.07-phi-1.5708_1.5708__h200,4,1000,200,eval__ctrl-residual__pi-0-tau_l1-a0.0005__sf-proj_box_jointlimit-dt2-qm0.15__pd-kp10-kd1-elauto__tau20-lama0.001__a2-m0.02-md0.07-phi-1.5708_1.5708__h200__trainseed4__evalbase1000.csv,0.95,0.0477799542673146,0.020780226497915878,-14.678442868690745,6.089425399046724,43.35,36.88590993535057,0.7843683416229866,0.28918246245742785,2.7937306183589543,1.1080518961593149,0.0,0.0,0.3354392915858555,0.16276449944128998,2.4976405918253484,1.9441569909278302,-0.3840142938690796,-0.0022742883351449528,0.0,-14.595737212802527,-0.08270565588821245,0.0,residual,0,tau_l1,0.0,proj_box_jointlimit,ctrl-residual__pi-0-tau_l1-a0.0005__sf-proj_box_jointlimit-dt2-qm0.15__pd-kp10-kd1-elauto__tau20-lama0.001__a2-m0.02-md0.07-phi-1.5708_1.5708__h200 | control=residual | use_pi_reward=0 | pi_metric=tau_l1 | alpha_pi=0.0 | safety_filter=proj_box_jointlimit
ctrl-residual__pi-1-tau_l1-a0.0005__sf-none-dt2-qm0.15__pd-kp10-kd1-elauto__tau20-lama0.001__a2-m0.02-md0.07-phi-1.5708_1.5708__h200,0,1000,200,eval__ctrl-residual__pi-1-tau_l1-a0.0005__sf-none-dt2-qm0.15__pd-kp10-kd1-elauto__tau20-lama0.001__a2-m0.02-md0.07-phi-1.5708_1.5708__h200__trainseed0__evalbase1000.csv,0.915,0.050911129632946486,0.028489331742673058,-14.14434122662916,6.671712104786553,46.715,47.68619971455138,0.7843683416229866,0.28918246245742785,3.0790268651971338,1.4388091268392666,3.0790268651971338,1.4388091268392666,0.0,0.0,0.0,0.0,-0.3709587425826117,-0.00257936160801154,-0.0015395134325985205,-14.006130074346343,-0.08661090827016897,-0.05160024401264742,residual,1,tau_l1,0.0005,none,ctrl-residual__pi-1-tau_l1-a0.0005__sf-none-dt2-qm0.15__pd-kp10-kd1-elauto__tau20-lama0.001__a2-m0.02-md0.07-phi-1.5708_1.5708__h200 | control=residual | use_pi_reward=1 | pi_metric=tau_l1 | alpha_pi=0.0005 | safety_filter=none
ctrl-residual__pi-1-tau_l1-a0.0005__sf-none-dt2-qm0.15__pd-kp10-kd1-elauto__tau20-lama0.001__a2-m0.02-md0.07-phi-1.5708_1.5708__h200,1,1000,200,eval__ctrl-residual__pi-1-tau_l1-a0.0005__sf-none-dt2-qm0.15__pd-kp10-kd1-elauto__tau20-lama0.001__a2-m0.02-md0.07-phi-1.5708_1.5708__h200__trainseed1__evalbase1000.csv,0.99,0.04472959377808601,0.013379764912053399,-12.79317477299399,5.452853597110444,33.96,18.14676071983966,0.7843683416229866,0.28918246245742785,3.1853283142318274,1.2717739196542233,3.1853283142318274,1.2717739196542233,0.0,0.0,0.0,0.0,-0.37816238784429446,-0.002671762112967969,-0.0015926641571158652,-12.65654055642317,-0.08559088980454443,-0.05104332676627179,residual,1,tau_l1,0.0005,none,ctrl-residual__pi-1-tau_l1-a0.0005__sf-none-dt2-qm0.15__pd-kp10-kd1-elauto__tau20-lama0.001__a2-m0.02-md0.07-phi-1.5708_1.5708__h200 | control=residual | use_pi_reward=1 | pi_metric=tau_l1 | alpha_pi=0.0005 | safety_filter=none
ctrl-residual__pi-1-tau_l1-a0.0005__sf-none-dt2-qm0.15__pd-kp10-kd1-elauto__tau20-lama0.001__a2-m0.02-md0.07-phi-1.5708_1.5708__h200,2,1000,200,eval__ctrl-residual__pi-1-tau_l1-a0.0005__sf-none-dt2-qm0.15__pd-kp10-kd1-elauto__tau20-lama0.001__a2-m0.02-md0.07-phi-1.5708_1.5708__h200__trainseed2__evalbase1000.csv,0.97,0.04663414265246466,0.0160630085483674,-13.655120103778414,5.658866294093031,39.655,29.678951731477934,0.7843683416229866,0.28918246245742785,2.920554220491671,1.2387349914863905,2.920554220491671,1.2387349914863905,0.0,0.0,0.0,0.0,-0.3720628637885616,-0.0024446094536396774,-0.0014602771102457857,-13.522208370886556,-0.08321393226837269,-0.04969780062348329,residual,1,tau_l1,0.0005,none,ctrl-residual__pi-1-tau_l1-a0.0005__sf-none-dt2-qm0.15__pd-kp10-kd1-elauto__tau20-lama0.001__a2-m0.02-md0.07-phi-1.5708_1.5708__h200 | control=residual | use_pi_reward=1 | pi_metric=tau_l1 | alpha_pi=0.0005 | safety_filter=none
ctrl-residual__pi-1-tau_l1-a0.0005__sf-none-dt2-qm0.15__pd-kp10-kd1-elauto__tau20-lama0.001__a2-m0.02-md0.07-phi-1.5708_1.5708__h200,3,1000,200,eval__ctrl-residual__pi-1-tau_l1-a0.0005__sf-none-dt2-qm0.15__pd-kp10-kd1-elauto__tau20-lama0.001__a2-m0.02-md0.07-phi-1.5708_1.5708__h200__trainseed3__evalbase1000.csv,0.94,0.05315767127854627,0.05075610194991739,-14.185622100381552,10.70917701587531,42.09,40.76778090353944,0.7843683416229866,0.28918246245742785,3.1978980665675762,1.344553112144351,3.1978980665675762,1.344553112144351,0.0,0.0,0.0,0.0,-0.3704016094577649,-0.0026737887033365295,-0.00159894903328374,-14.044752270004663,-0.0882321993573488,-0.052637631019541456,residual,1,tau_l1,0.0005,none,ctrl-residual__pi-1-tau_l1-a0.0005__sf-none-dt2-qm0.15__pd-kp10-kd1-elauto__tau20-lama0.001__a2-m0.02-md0.07-phi-1.5708_1.5708__h200 | control=residual | use_pi_reward=1 | pi_metric=tau_l1 | alpha_pi=0.0005 | safety_filter=none
ctrl-residual__pi-1-tau_l1-a0.0005__sf-none-dt2-qm0.15__pd-kp10-kd1-elauto__tau20-lama0.001__a2-m0.02-md0.07-phi-1.5708_1.5708__h200,4,1000,200,eval__ctrl-residual__pi-1-tau_l1-a0.0005__sf-none-dt2-qm0.15__pd-kp10-kd1-elauto__tau20-lama0.001__a2-m0.02-md0.07-phi-1.5708_1.5708__h200__trainseed4__evalbase1000.csv,0.97,0.045461213930771134,0.017304489607364956,-13.181290263572674,5.432221513062238,37.79,29.691815700593153,0.7843683416229866,0.28918246245742785,3.105552362889719,1.2697938836435005,3.105552362889719,1.2697938836435005,0.0,0.0,0.0,0.0,-0.377222439202766,-0.0025979634963739762,-0.0015527761814448082,-13.046798319673247,-0.08419560814244992,-0.05029633575697717,residual,1,tau_l1,0.0005,none,ctrl-residual__pi-1-tau_l1-a0.0005__sf-none-dt2-qm0.15__pd-kp10-kd1-elauto__tau20-lama0.001__a2-m0.02-md0.07-phi-1.5708_1.5708__h200 | control=residual | use_pi_reward=1 | pi_metric=tau_l1 | alpha_pi=0.0005 | safety_filter=none
ctrl-residual__pi-1-tau_l1-a0.0005__sf-proj_box_jointlimit-dt2-qm0.15__pd-kp10-kd1-elauto__tau20-lama0.001__a2-m0.02-md0.07-phi-1.5708_1.5708__h200,0,1000,200,eval__ctrl-residual__pi-1-tau_l1-a0.0005__sf-proj_box_jointlimit-dt2-qm0.15__pd-kp10-kd1-elauto__tau20-lama0.001__a2-m0.02-md0.07-phi-1.5708_1.5708__h200__trainseed0__evalbase1000.csv,0.945,0.05369234591448956,0.04585926326603142,-15.404940187458788,10.039292691678675,43.655,38.40443304342527,0.7843683416229866,0.28918246245742785,2.7882646006552303,1.0644783638536006,2.7882646006552303,1.0644783638536006,0.3597902304522735,0.18565198407007857,2.8464064361020656,2.3169474544638318,-0.37723535221174126,-0.002250827833433007,-0.0013941323003275625,-15.26889512856102,-0.08410369601981646,-0.051941362877949177,residual,1,tau_l1,0.0005,proj_box_jointlimit,ctrl-residual__pi-1-tau_l1-a0.0005__sf-proj_box_jointlimit-dt2-qm0.15__pd-kp10-kd1-elauto__tau20-lama0.001__a2-m0.02-md0.07-phi-1.5708_1.5708__h200 | control=residual | use_pi_reward=1 | pi_metric=tau_l1 | alpha_pi=0.0005 | safety_filter=proj_box_jointlimit
ctrl-residual__pi-1-tau_l1-a0.0005__sf-proj_box_jointlimit-dt2-qm0.15__pd-kp10-kd1-elauto__tau20-lama0.001__a2-m0.02-md0.07-phi-1.5708_1.5708__h200,1,1000,200,eval__ctrl-residual__pi-1-tau_l1-a0.0005__sf-proj_box_jointlimit-dt2-qm0.15__pd-kp10-kd1-elauto__tau20-lama0.001__a2-m0.02-md0.07-phi-1.5708_1.5708__h200__trainseed1__evalbase1000.csv,0.915,0.05844346551388566,0.05982276764788481,-16.27078896735494,12.273100176928885,48.715,46.88833924105139,0.7843683416229866,0.28918246245742785,2.7345430052914925,1.1470768259585589,2.7345430052914925,1.1470768259585589,0.3384503203009761,0.17988108736808955,2.620189045694678,2.128186535486428,-0.37626139452913776,-0.002210605070279609,-0.001367271502645697,-16.134541570173248,-0.0843182137550942,-0.051929183426597525,residual,1,tau_l1,0.0005,proj_box_jointlimit,ctrl-residual__pi-1-tau_l1-a0.0005__sf-proj_box_jointlimit-dt2-qm0.15__pd-kp10-kd1-elauto__tau20-lama0.001__a2-m0.02-md0.07-phi-1.5708_1.5708__h200 | control=residual | use_pi_reward=1 | pi_metric=tau_l1 | alpha_pi=0.0005 | safety_filter=proj_box_jointlimit
ctrl-residual__pi-1-tau_l1-a0.0005__sf-proj_box_jointlimit-dt2-qm0.15__pd-kp10-kd1-elauto__tau20-lama0.001__a2-m0.02-md0.07-phi-1.5708_1.5708__h200,2,1000,200,eval__ctrl-residual__pi-1-tau_l1-a0.0005__sf-proj_box_jointlimit-dt2-qm0.15__pd-kp10-kd1-elauto__tau20-lama0.001__a2-m0.02-md0.07-phi-1.5708_1.5708__h200__trainseed2__evalbase1000.csv,0.985,0.044589349030246764,0.012808299308268415,-13.958083017792719,5.735066044713794,36.665,21.457045439551436,0.7843683416229866,0.28918246245742785,2.7632708629184344,1.0058599507635935,2.7632708629184344,1.0058599507635935,0.33152436750747605,0.1572408302034013,2.4074674958912095,1.8870567209575169,-0.39067902310737446,-0.0022474630290918534,-0.0013816354314591661,-13.830602516435835,-0.07890171566377037,-0.048578785693114614,residual,1,tau_l1,0.0005,proj_box_jointlimit,ctrl-residual__pi-1-tau_l1-a0.0005__sf-proj_box_jointlimit-dt2-qm0.15__pd-kp10-kd1-elauto__tau20-lama0.001__a2-m0.02-md0.07-phi-1.5708_1.5708__h200 | control=residual | use_pi_reward=1 | pi_metric=tau_l1 | alpha_pi=0.0005 | safety_filter=proj_box_jointlimit
ctrl-residual__pi-1-tau_l1-a0.0005__sf-proj_box_jointlimit-dt2-qm0.15__pd-kp10-kd1-elauto__tau20-lama0.001__a2-m0.02-md0.07-phi-1.5708_1.5708__h200,3,1000,200,eval__ctrl-residual__pi-1-tau_l1-a0.0005__sf-proj_box_jointlimit-dt2-qm0.15__pd-kp10-kd1-elauto__tau20-lama0.001__a2-m0.02-md0.07-phi-1.5708_1.5708__h200__trainseed3__evalbase1000.csv,0.93,0.05936427180493281,0.07120003535709385,-16.386218202789536,14.49191983388601,47.17,42.93586545900254,0.7843683416229866,0.28918246245742785,2.752265785404735,1.0577872865284113,2.752265785404735,1.0577872865284113,0.3506848980085662,0.16967104719892415,2.7179165321008907,2.09346207905637,-0.37213685932876883,-0.002224352606994519,-0.001376132892702317,-16.246777889623,-0.08633031825653462,-0.05310999491000237,residual,1,tau_l1,0.0005,proj_box_jointlimit,ctrl-residual__pi-1-tau_l1-a0.0005__sf-proj_box_jointlimit-dt2-qm0.15__pd-kp10-kd1-elauto__tau20-lama0.001__a2-m0.02-md0.07-phi-1.5708_1.5708__h200 | control=residual | use_pi_reward=1 | pi_metric=tau_l1 | alpha_pi=0.0005 | safety_filter=proj_box_jointlimit
ctrl-residual__pi-1-tau_l1-a0.0005__sf-proj_box_jointlimit-dt2-qm0.15__pd-kp10-kd1-elauto__tau20-lama0.001__a2-m0.02-md0.07-phi-1.5708_1.5708__h200,4,1000,200,eval__ctrl-residual__pi-1-tau_l1-a0.0005__sf-proj_box_jointlimit-dt2-qm0.15__pd-kp10-kd1-elauto__tau20-lama0.001__a2-m0.02-md0.07-phi-1.5708_1.5708__h200__trainseed4__evalbase1000.csv,0.97,0.045534022073880236,0.017976220914614184,-13.997241278131154,5.897711987477062,38.725,29.343903940894815,0.7843683416229866,0.28918246245742785,2.9920594808063585,1.0489509458465243,2.9920594808063585,1.0489509458465243,0.3505203349593623,0.16230893878695718,2.683297034211805,1.985526923378903,-0.3860098618721021,-0.0024236698657947226,-0.0014960297404031286,-13.860547362574135,-0.08450821349313901,-0.05218570206388163,residual,1,tau_l1,0.0005,proj_box_jointlimit,ctrl-residual__pi-1-tau_l1-a0.0005__sf-proj_box_jointlimit-dt2-qm0.15__pd-kp10-kd1-elauto__tau20-lama0.001__a2-m0.02-md0.07-phi-1.5708_1.5708__h200 | control=residual | use_pi_reward=1 | pi_metric=tau_l1 | alpha_pi=0.0005 | safety_filter=proj_box_jointlimit
